"order_id","customer_id","order_date","total_amount_idr","shipping_city","shipping_province","shipping_cost_idr","payment_method","order_status","promo_code","discount_amount_idr","courier"
ORD000001,CUST0474,"2023-03-23",1951591,Banjarmasin,Kalimantan Selatan,32066,Transfer Bank,shipped,WEEKEND25,44409,JNE
ORD000008,CUST0637,"2023-06-02",954364,Manado,Sulawesi Utara,34020,Kartu Kredit,processing,WEEKEND25,31636,J&T
ORD000009,CUST0677,"2024-12-24",230288,Surabaya,Jawa Timur,13179,Transfer Bank,cancelled,HARBOLNAS22,18712,JNE
ORD000010,CUST0200,"2023-04-14",264669,Pontianak,Kalimantan Barat,30484,GoPay,delivered,HARI BELANJA,14331,Pos Indonesia
ORD000012,CUST0760,"2023-11-11",251162,Balikpapan,Kalimantan Timur,40940,OVO,shipped,HARI BELANJA,27838,J&T
ORD000014,CUST0225,"2024-04-15",334654,Medan,Sumatera Utara,36425,GoPay,delivered,HARI BELANJA,14346,SiCepat
ORD000015,CUST0794,"2023-01-14",2537438,Pekanbaru,Riau,29080,Transfer Bank,delivered,NEWUSER,36562,JNE
ORD000017,CUST0715,"2024-01-01",355448,Semarang,Jawa Tengah,12267,Transfer Bank,returned,RAMADAN23,12552,J&T
ORD000019,CUST0539,"2022-10-10",247331,Balikpapan,Kalimantan Timur,37574,OVO,delivered,FLASHSALE,20669,SiCepat
ORD000020,CUST0712,"2023-08-12",377322,Malang,Jawa Timur,16405,OVO,processing,RAMADAN23,19678,J&T
ORD000028,CUST0624,"2024-06-27",408558,Balikpapan,Kalimantan Timur,37360,Transfer Bank,cancelled,NEWUSER,39442,Anteraja
ORD000031,CUST0492,"2022-03-30",200075,Pekanbaru,Riau,26230,Transfer Bank,delivered,RAMADAN23,28925,JNE
ORD000032,CUST0317,"2025-01-03",624526,Medan,Sumatera Utara,38976,QRIS,returned,HARI BELANJA,43474,JNE
ORD000037,CUST0323,"2024-02-05",218221,Pontianak,Kalimantan Barat,36528,OVO,delivered,HARBOLNAS22,30779,JNE
ORD000040,CUST0141,"2025-01-12",570879,Malang,Jawa Timur,21984,Transfer Bank,delivered,HARBOLNAS22,28121,Anteraja
ORD000042,CUST0042,"2023-07-03",687278,Bogor,Jawa Barat,12204,OVO,delivered,SALE2024,48722,JNE
ORD000043,CUST0575,"2024-04-03",541268,Bandung,Jawa Barat,11516,OVO,delivered,NEWUSER,36732,Anteraja
ORD000045,CUST0353,"2022-10-14",152424,Malang,Jawa Timur,16206,Transfer Bank,cancelled,NEWUSER,26576,JNE
ORD000049,CUST0679,"2023-08-31",108780,Padang,Sumatera Barat,24801,Transfer Bank,delivered,MEMBER10,19220,JNE
ORD000050,CUST0291,"2023-07-25",463402,Denpasar,Bali,28676,Transfer Bank,delivered,HARI BELANJA,35598,J&T
ORD000051,CUST0277,"2023-04-15",1040543,Jakarta,DKI Jakarta,11199,Transfer Bank,delivered,MEMBER10,36457,JNE
ORD000052,CUST0021,"2022-02-08",484546,Denpasar,Bali,24002,Kartu Kredit,shipped,HARBOLNAS22,31454,J&T
ORD000053,CUST0787,"2024-09-14",228576,Tangerang,Banten,9011,GoPay,delivered,WEEKEND25,49424,SiCepat
ORD000056,CUST0106,"2024-09-15",225298,Palembang,Sumatera Selatan,25616,OVO,delivered,HARI BELANJA,23702,JNE
ORD000059,CUST0570,"2024-01-24",208667,Makassar,Sulawesi Selatan,40276,OVO,shipped,SALE2024,29333,JNE
ORD000061,CUST0486,"2023-03-12",870559,Yogyakarta,DI Yogyakarta,14434,OVO,cancelled,SALE2024,27441,JNE
ORD000062,CUST0731,"2024-09-29",428704,Balikpapan,Kalimantan Timur,44760,QRIS,cancelled,HARI BELANJA,28296,Anteraja
ORD000064,CUST0056,"2023-12-18",622240,Medan,Sumatera Utara,34176,GoPay,cancelled,SALE2024,25760,J&T
ORD000069,CUST0321,"2023-02-26",129132,Malang,Jawa Timur,20164,Transfer Bank,delivered,RAMADAN23,19868,J&T
ORD000070,CUST0180,"2024-05-17",122904,Tangerang,Banten,9347,GoPay,delivered,MEMBER10,26096,J&T
ORD000071,CUST0387,"2023-06-03",467921,Depok,Jawa Barat,13226,Transfer Bank,delivered,NEWUSER,31079,J&T
ORD000073,CUST0629,"2024-10-12",660432,Padang,Sumatera Barat,24278,Kartu Kredit,processing,WEEKEND25,26568,Pos Indonesia
ORD000077,CUST0400,"2023-11-13",319744,Manado,Sulawesi Utara,44292,GoPay,delivered,SALE2024,29256,Anteraja
ORD000078,CUST0197,"2025-01-22",1062859,Depok,Jawa Barat,12090,GoPay,processing,RAMADAN23,34141,Anteraja
ORD000079,CUST0248,"2024-09-17",530836,Pekanbaru,Riau,26512,GoPay,returned,NEWUSER,24164,J&T
ORD000080,CUST0214,"2025-02-07",113515,Denpasar,Bali,29619,GoPay,shipped,HARI BELANJA,44485,J&T
ORD000081,CUST0478,"2024-02-18",216431,Palembang,Sumatera Selatan,25254,Transfer Bank,delivered,NEWUSER,12569,SiCepat
ORD000085,CUST0697,"2023-06-20",533274,Bandung,Jawa Barat,11097,Kartu Kredit,delivered,WEEKEND25,44726,SiCepat
ORD000086,CUST0489,"2023-01-19",567033,Depok,Jawa Barat,12336,Transfer Bank,processing,MEMBER10,31967,JNE
ORD000090,CUST0188,"2023-02-16",639659,Padang,Sumatera Barat,31950,GoPay,delivered,MEMBER10,46341,Anteraja
ORD000092,CUST0630,"2024-01-04",825967,Bandung,Jawa Barat,13698,OVO,delivered,SALE2024,11033,SiCepat
ORD000098,CUST0371,"2024-09-05",1114630,Bandung,Jawa Barat,14596,Kartu Kredit,processing,WEEKEND25,32370,Pos Indonesia
ORD000099,CUST0031,"2024-03-13",134229,Pontianak,Kalimantan Barat,33877,GoPay,delivered,WEEKEND25,14771,SiCepat
ORD000100,CUST0222,"2022-08-26",649499,Manado,Sulawesi Utara,43010,Kartu Kredit,cancelled,NEWUSER,27501,SiCepat
ORD000102,CUST0399,"2022-01-04",941751,Depok,Jawa Barat,13127,Transfer Bank,delivered,MEMBER10,15249,JNE
ORD000103,CUST0301,"2024-02-28",473549,Tangerang,Banten,9445,GoPay,processing,FLASHSALE,24451,Anteraja
ORD000114,CUST0717,"2022-08-08",275109,Banjarmasin,Kalimantan Selatan,40777,Kartu Kredit,cancelled,NEWUSER,32891,JNE
ORD000118,CUST0339,"2024-10-23",266041,Semarang,Jawa Tengah,17425,Kartu Kredit,delivered,FLASHSALE,49959,SiCepat
ORD000119,CUST0525,"2024-02-21",977668,Bogor,Jawa Barat,12840,GoPay,delivered,WEEKEND25,39332,J&T
ORD000121,CUST0473,"2023-09-16",955632,Banjarmasin,Kalimantan Selatan,30456,Kartu Kredit,delivered,NEWUSER,42368,J&T
ORD000123,CUST0370,"2024-07-13",83455,Palembang,Sumatera Selatan,27437,OVO,delivered,FLASHSALE,34545,JNE
ORD000124,CUST0275,"2023-09-13",163351,Bandung,Jawa Barat,13228,Transfer Bank,delivered,MEMBER10,35649,SiCepat
ORD000126,CUST0495,"2023-06-13",801305,Manado,Sulawesi Utara,41428,Transfer Bank,cancelled,RAMADAN23,46695,JNE
ORD000128,CUST0295,"2024-04-01",1052821,Manado,Sulawesi Utara,42291,OVO,cancelled,NEWUSER,44179,Anteraja
ORD000130,CUST0208,"2022-12-06",328191,Manado,Sulawesi Utara,35513,Kartu Kredit,delivered,MEMBER10,19809,SiCepat
ORD000133,CUST0571,"2024-07-14",483563,Manado,Sulawesi Utara,37315,Kartu Kredit,delivered,FLASHSALE,43437,J&T
ORD000134,CUST0346,"2025-02-18",433562,Medan,Sumatera Utara,37007,OVO,returned,RAMADAN23,15438,SiCepat
ORD000136,CUST0075,"2025-01-21",132592,Medan,Sumatera Utara,38095,GoPay,delivered,WEEKEND25,46408,JNE
ORD000138,CUST0653,"2024-12-31",1105671,Denpasar,Bali,26771,Transfer Bank,delivered,NEWUSER,21329,J&T
ORD000140,CUST0426,"2023-03-07",16057,Makassar,Sulawesi Selatan,37588,GoPay,delivered,SALE2024,32943,SiCepat
ORD000144,CUST0759,"2023-03-31",461976,Malang,Jawa Timur,17498,Kartu Kredit,shipped,FLASHSALE,26024,J&T
ORD000150,CUST0358,"2024-12-24",632626,Bekasi,Jawa Barat,12049,OVO,delivered,WEEKEND25,15374,JNE
ORD000153,CUST0482,"2022-11-19",62123,Bandung,Jawa Barat,14986,QRIS,delivered,HARI BELANJA,36877,JNE
ORD000154,CUST0478,"2024-03-02",1058739,Palembang,Sumatera Selatan,34638,OVO,delivered,HARBOLNAS22,39261,JNE
ORD000155,CUST0140,"2024-11-24",203863,Padang,Sumatera Barat,28074,Transfer Bank,shipped,NEWUSER,45137,SiCepat
ORD000159,CUST0235,"2025-01-05",528766,Tangerang,Banten,12472,QRIS,delivered,RAMADAN23,20234,J&T
ORD000161,CUST0454,"2024-02-14",118504,Makassar,Sulawesi Selatan,39679,Transfer Bank,delivered,SALE2024,10496,JNE
ORD000162,CUST0228,"2024-05-02",541623,Malang,Jawa Timur,15021,Transfer Bank,delivered,FLASHSALE,34377,Anteraja
ORD000167,CUST0295,"2023-09-09",239718,Manado,Sulawesi Utara,35268,Kartu Kredit,delivered,FLASHSALE,39282,SiCepat
ORD000170,CUST0436,"2022-06-21",41785,Balikpapan,Kalimantan Timur,42371,Transfer Bank,delivered,HARBOLNAS22,27215,J&T
ORD000171,CUST0600,"2023-09-03",385229,Manado,Sulawesi Utara,44407,OVO,shipped,SALE2024,12771,SiCepat
ORD000182,CUST0277,"2024-10-22",281050,Malang,Jawa Timur,21404,GoPay,delivered,RAMADAN23,26950,SiCepat
ORD000183,CUST0091,"2024-07-04",365798,Makassar,Sulawesi Selatan,30721,GoPay,delivered,WEEKEND25,33202,JNE
ORD000185,CUST0273,"2023-05-05",90964,Yogyakarta,DI Yogyakarta,13095,Transfer Bank,delivered,WEEKEND25,28036,J&T
ORD000186,CUST0556,"2024-01-17",316552,Palembang,Sumatera Selatan,26356,GoPay,delivered,HARI BELANJA,49448,J&T
ORD000187,CUST0590,"2022-01-20",1262864,Bandung,Jawa Barat,12456,Transfer Bank,returned,NEWUSER,41136,JNE
ORD000190,CUST0065,"2023-12-16",716741,Bandung,Jawa Barat,14225,Transfer Bank,delivered,WEEKEND25,40259,J&T
ORD000195,CUST0727,"2024-02-17",207274,Semarang,Jawa Tengah,14684,GoPay,delivered,MEMBER10,21726,J&T
ORD000196,CUST0049,"2023-07-13",151821,Manado,Sulawesi Utara,36488,Kartu Kredit,shipped,WEEKEND25,27179,J&T
ORD000197,CUST0166,"2022-05-11",333535,Tangerang,Banten,11983,GoPay,delivered,FLASHSALE,24465,J&T
ORD000200,CUST0463,"2023-08-23",532952,Jakarta,DKI Jakarta,9272,GoPay,processing,RAMADAN23,16048,SiCepat
ORD000204,CUST0748,"2023-09-02",36006,Denpasar,Bali,25740,QRIS,shipped,NEWUSER,42994,J&T
ORD000208,CUST0171,"2023-01-07",69237,Balikpapan,Kalimantan Timur,38829,GoPay,delivered,RAMADAN23,49763,JNE
ORD000209,CUST0397,"2025-01-09",754974,Balikpapan,Kalimantan Timur,40409,Transfer Bank,delivered,NEWUSER,30026,Pos Indonesia
ORD000210,CUST0013,"2022-12-26",316368,Makassar,Sulawesi Selatan,31701,GoPay,shipped,WEEKEND25,32632,J&T
ORD000214,CUST0137,"2024-02-09",531514,Makassar,Sulawesi Selatan,34158,GoPay,delivered,NEWUSER,46486,JNE
ORD000216,CUST0177,"2024-09-30",537934,Bekasi,Jawa Barat,13735,OVO,delivered,HARBOLNAS22,11066,JNE
ORD000224,CUST0553,"2023-09-17",277164,Manado,Sulawesi Utara,33938,GoPay,returned,WEEKEND25,21836,SiCepat
ORD000227,CUST0468,"2023-02-22",229972,Surabaya,Jawa Timur,15999,Transfer Bank,shipped,WEEKEND25,19028,SiCepat
ORD000230,CUST0752,"2022-11-13",1176360,Palembang,Sumatera Selatan,33536,Kartu Kredit,delivered,HARI BELANJA,21640,Pos Indonesia
ORD000236,CUST0423,"2023-10-09",424673,Padang,Sumatera Barat,31736,Kartu Kredit,delivered,RAMADAN23,12327,SiCepat
ORD000239,CUST0764,"2023-04-19",509400,Pontianak,Kalimantan Barat,39759,QRIS,cancelled,MEMBER10,36600,Anteraja
ORD000240,CUST0142,"2024-06-11",38550,Pontianak,Kalimantan Barat,41374,GoPay,delivered,WEEKEND25,20450,JNE
ORD000241,CUST0211,"2024-12-27",349673,Denpasar,Bali,20557,GoPay,delivered,HARBOLNAS22,49327,SiCepat
ORD000243,CUST0399,"2022-12-06",68958,Banjarmasin,Kalimantan Selatan,28389,GoPay,shipped,SALE2024,10042,Anteraja
ORD000244,CUST0085,"2024-03-15",157001,Manado,Sulawesi Utara,37854,Kartu Kredit,delivered,NEWUSER,21999,JNE
ORD000248,CUST0439,"2022-10-23",551254,Malang,Jawa Timur,14527,Transfer Bank,delivered,SALE2024,45746,SiCepat
ORD000252,CUST0777,"2024-03-11",126965,Medan,Sumatera Utara,28571,Transfer Bank,delivered,WEEKEND25,22035,JNE
ORD000253,CUST0293,"2022-09-09",849559,Tangerang,Banten,9500,OVO,shipped,HARBOLNAS22,47441,J&T
ORD000258,CUST0712,"2024-01-30",463575,Padang,Sumatera Barat,25488,Kartu Kredit,processing,SALE2024,14425,JNE
ORD000259,CUST0362,"2025-01-17",267222,Jakarta,DKI Jakarta,10002,OVO,shipped,FLASHSALE,31778,J&T
ORD000262,CUST0177,"2024-05-11",99697,Malang,Jawa Timur,21096,Transfer Bank,delivered,NEWUSER,29303,J&T
ORD000264,CUST0592,"2024-04-23",538443,Bandung,Jawa Barat,11036,OVO,shipped,SALE2024,18557,JNE
ORD000267,CUST0626,"2024-03-25",408856,Jakarta,DKI Jakarta,8093,OVO,returned,SALE2024,48144,JNE
ORD000268,CUST0768,"2025-01-04",45695,Jakarta,DKI Jakarta,9079,Transfer Bank,returned,RAMADAN23,23305,J&T
ORD000269,CUST0122,"2023-01-17",1372273,Bandung,Jawa Barat,13324,OVO,delivered,WEEKEND25,33727,SiCepat
ORD000274,CUST0674,"2024-11-13",712101,Banjarmasin,Kalimantan Selatan,31293,OVO,processing,HARBOLNAS22,33899,Anteraja
ORD000277,CUST0278,"2023-12-20",153907,Balikpapan,Kalimantan Timur,36263,QRIS,delivered,HARBOLNAS22,45093,JNE
ORD000284,CUST0168,"2024-11-01",362766,Banjarmasin,Kalimantan Selatan,34732,Kartu Kredit,cancelled,WEEKEND25,36234,SiCepat
ORD000285,CUST0699,"2023-04-07",1522617,Medan,Sumatera Utara,26826,Transfer Bank,delivered,HARBOLNAS22,12383,SiCepat
ORD000287,CUST0127,"2024-04-25",75046,Depok,Jawa Barat,9711,GoPay,delivered,SALE2024,43954,JNE
ORD000289,CUST0361,"2024-11-22",363172,Pekanbaru,Riau,25844,Transfer Bank,delivered,MEMBER10,33828,SiCepat
ORD000291,CUST0399,"2024-02-25",402413,Banjarmasin,Kalimantan Selatan,30595,Kartu Kredit,delivered,NEWUSER,46587,JNE
ORD000296,CUST0279,"2023-08-09",133599,Surabaya,Jawa Timur,13935,Transfer Bank,shipped,RAMADAN23,24401,JNE
ORD000297,CUST0794,"2023-07-22",27796,Pekanbaru,Riau,26699,OVO,delivered,MEMBER10,41204,SiCepat
ORD000302,CUST0076,"2023-08-29",451201,Tangerang,Banten,9654,Kartu Kredit,returned,FLASHSALE,47799,JNE
ORD000304,CUST0392,"2023-04-01",257131,Manado,Sulawesi Utara,42435,GoPay,delivered,FLASHSALE,41869,JNE
ORD000306,CUST0314,"2023-11-25",161041,Medan,Sumatera Utara,31568,Transfer Bank,delivered,FLASHSALE,37959,J&T
ORD000307,CUST0708,"2025-02-28",11970,Medan,Sumatera Utara,25377,GoPay,delivered,MEMBER10,47030,SiCepat
ORD000309,CUST0608,"2023-01-06",89996,Manado,Sulawesi Utara,33804,Transfer Bank,delivered,FLASHSALE,29004,J&T
ORD000311,CUST0300,"2024-05-23",1087317,Medan,Sumatera Utara,26195,Kartu Kredit,delivered,HARI BELANJA,28683,JNE
ORD000313,CUST0620,"2024-12-30",979541,Yogyakarta,DI Yogyakarta,17715,OVO,delivered,HARI BELANJA,18459,SiCepat
ORD000315,CUST0380,"2023-10-05",51870,Makassar,Sulawesi Selatan,30610,Transfer Bank,delivered,NEWUSER,47130,JNE
ORD000317,CUST0644,"2024-08-31",276604,Medan,Sumatera Utara,32049,QRIS,delivered,MEMBER10,22396,J&T
ORD000318,CUST0266,"2024-07-13",483227,Jakarta,DKI Jakarta,8296,Transfer Bank,delivered,NEWUSER,22773,J&T
ORD000322,CUST0376,"2025-01-06",203680,Pontianak,Kalimantan Barat,32592,GoPay,delivered,SALE2024,25320,J&T
ORD000324,CUST0752,"2024-11-29",102674,Palembang,Sumatera Selatan,29475,GoPay,processing,FLASHSALE,26326,J&T
ORD000325,CUST0767,"2022-05-21",1378362,Palembang,Sumatera Selatan,22918,Transfer Bank,cancelled,MEMBER10,18638,Anteraja
ORD000329,CUST0550,"2024-08-05",293751,Depok,Jawa Barat,12843,OVO,delivered,FLASHSALE,35249,Anteraja
ORD000333,CUST0258,"2024-03-20",427193,Yogyakarta,DI Yogyakarta,19261,Transfer Bank,delivered,MEMBER10,19807,JNE
ORD000334,CUST0148,"2022-03-13",796980,Surabaya,Jawa Timur,17612,Kartu Kredit,delivered,MEMBER10,39020,SiCepat
ORD000337,CUST0759,"2023-04-09",1984180,Malang,Jawa Timur,21547,GoPay,delivered,SALE2024,11820,JNE
ORD000339,CUST0412,"2023-04-15",252013,Depok,Jawa Barat,10262,OVO,delivered,FLASHSALE,26987,SiCepat
ORD000341,CUST0722,"2024-02-27",121721,Jakarta,DKI Jakarta,8724,Kartu Kredit,delivered,FLASHSALE,45279,SiCepat
ORD000343,CUST0399,"2023-05-25",263871,Banjarmasin,Kalimantan Selatan,41710,OVO,delivered,FLASHSALE,44129,J&T
ORD000344,CUST0336,"2024-07-21",481674,Jakarta,DKI Jakarta,11873,Kartu Kredit,shipped,SALE2024,17326,SiCepat
ORD000347,CUST0603,"2024-10-09",111328,Padang,Sumatera Barat,32631,Transfer Bank,delivered,WEEKEND25,37672,SiCepat
ORD000348,CUST0420,"2022-12-24",238748,Makassar,Sulawesi Selatan,30034,Transfer Bank,delivered,RAMADAN23,10252,JNE
ORD000349,CUST0330,"2024-06-26",97799,Semarang,Jawa Tengah,14001,Kartu Kredit,cancelled,WEEKEND25,21201,J&T
ORD000357,CUST0547,"2023-03-20",337409,Manado,Sulawesi Utara,33543,Transfer Bank,delivered,WEEKEND25,10591,J&T
ORD000358,CUST0783,"2023-05-29",668377,Tangerang,Banten,13979,Transfer Bank,delivered,HARI BELANJA,47623,J&T
ORD000361,CUST0547,"2022-07-10",386251,Semarang,Jawa Tengah,16372,Transfer Bank,delivered,HARBOLNAS22,20749,JNE
ORD000362,CUST0409,"2022-08-02",1416965,Bekasi,Jawa Barat,11374,OVO,cancelled,NEWUSER,10035,JNE
ORD000363,CUST0570,"2024-10-18",321737,Makassar,Sulawesi Selatan,40907,Kartu Kredit,delivered,RAMADAN23,46263,J&T
ORD000365,CUST0413,"2022-10-12",212522,Padang,Sumatera Barat,24283,QRIS,returned,HARI BELANJA,45478,J&T
ORD000366,CUST0681,"2024-05-14",586954,Surabaya,Jawa Timur,12424,GoPay,delivered,HARBOLNAS22,12046,SiCepat
ORD000368,CUST0045,"2023-05-22",980344,Bandung,Jawa Barat,13456,OVO,cancelled,SALE2024,17656,SiCepat
ORD000369,CUST0332,"2025-02-28",1969052,Palembang,Sumatera Selatan,27167,QRIS,processing,HARBOLNAS22,26948,JNE
ORD000373,CUST0549,"2024-12-08",129829,Bekasi,Jawa Barat,13552,GoPay,shipped,FLASHSALE,19171,J&T
ORD000375,CUST0653,"2022-05-20",154337,Denpasar,Bali,27343,GoPay,delivered,HARI BELANJA,44663,JNE
ORD000376,CUST0750,"2024-12-10",1142541,Bogor,Jawa Barat,13778,Transfer Bank,delivered,HARI BELANJA,43459,SiCepat
ORD000378,CUST0438,"2025-02-17",426945,Surabaya,Jawa Timur,13434,Kartu Kredit,delivered,WEEKEND25,22055,J&T
ORD000379,CUST0324,"2024-06-06",753680,Balikpapan,Kalimantan Timur,41329,GoPay,delivered,HARI BELANJA,22320,SiCepat
ORD000380,CUST0300,"2023-07-16",422354,Medan,Sumatera Utara,32851,GoPay,delivered,MEMBER10,34646,JNE
ORD000382,CUST0492,"2023-01-18",957997,Bekasi,Jawa Barat,10341,Transfer Bank,delivered,MEMBER10,40003,J&T
ORD000383,CUST0597,"2023-03-18",848740,Tangerang,Banten,13016,GoPay,shipped,HARI BELANJA,48260,J&T
ORD000384,CUST0474,"2024-10-22",665457,Bandung,Jawa Barat,11127,Transfer Bank,delivered,MEMBER10,31543,SiCepat
ORD000388,CUST0600,"2023-06-03",1105691,Pontianak,Kalimantan Barat,38764,GoPay,delivered,WEEKEND25,11309,SiCepat
ORD000389,CUST0765,"2024-02-19",654092,Makassar,Sulawesi Selatan,39576,Transfer Bank,delivered,FLASHSALE,32908,Anteraja
ORD000391,CUST0212,"2023-06-30",833045,Semarang,Jawa Tengah,16349,GoPay,delivered,NEWUSER,13955,J&T
ORD000392,CUST0722,"2022-06-18",53714,Jakarta,DKI Jakarta,11579,QRIS,processing,FLASHSALE,35286,J&T
ORD000394,CUST0246,"2023-03-15",304841,Depok,Jawa Barat,10297,GoPay,delivered,SALE2024,44159,SiCepat
ORD000396,CUST0651,"2025-02-27",1072334,Pontianak,Kalimantan Barat,34116,QRIS,delivered,WEEKEND25,23666,SiCepat
ORD000401,CUST0036,"2023-04-19",572946,Balikpapan,Kalimantan Timur,38564,QRIS,delivered,NEWUSER,24054,JNE
ORD000403,CUST0024,"2023-03-13",385717,Makassar,Sulawesi Selatan,34333,Kartu Kredit,returned,RAMADAN23,12283,Anteraja
ORD000404,CUST0742,"2024-08-15",531901,Bandung,Jawa Barat,12199,Kartu Kredit,delivered,NEWUSER,46099,JNE
ORD000407,CUST0177,"2023-02-18",614325,Surabaya,Jawa Timur,12290,Transfer Bank,delivered,SALE2024,13675,J&T
ORD000409,CUST0557,"2024-01-11",212832,Tangerang,Banten,13955,GoPay,delivered,HARI BELANJA,24168,J&T
ORD000411,CUST0671,"2023-03-06",1004939,Malang,Jawa Timur,20588,Kartu Kredit,delivered,RAMADAN23,41061,Anteraja
ORD000412,CUST0007,"2023-05-08",185566,Medan,Sumatera Utara,27370,Kartu Kredit,processing,SALE2024,32434,JNE
ORD000414,CUST0486,"2024-07-20",499503,Yogyakarta,DI Yogyakarta,18524,Transfer Bank,shipped,HARI BELANJA,49497,J&T
ORD000415,CUST0308,"2024-01-22",88051,Denpasar,Bali,25651,Kartu Kredit,delivered,RAMADAN23,30949,J&T
ORD000417,CUST0527,"2024-03-07",102002,Malang,Jawa Timur,14481,QRIS,delivered,RAMADAN23,46998,JNE
ORD000421,CUST0504,"2024-12-05",62569,Tangerang,Banten,11693,Transfer Bank,delivered,MEMBER10,36431,JNE
ORD000425,CUST0561,"2023-05-13",658793,Yogyakarta,DI Yogyakarta,13415,Transfer Bank,delivered,NEWUSER,39207,SiCepat
ORD000427,CUST0681,"2022-06-07",192496,Surabaya,Jawa Timur,13959,Transfer Bank,delivered,MEMBER10,36504,J&T
ORD000428,CUST0443,"2023-12-02",414358,Depok,Jawa Barat,13509,Transfer Bank,cancelled,NEWUSER,43642,SiCepat
ORD000430,CUST0479,"2023-06-21",552299,Bogor,Jawa Barat,12552,Transfer Bank,cancelled,RAMADAN23,46701,J&T
ORD000435,CUST0671,"2023-03-15",175568,Malang,Jawa Timur,15792,Kartu Kredit,delivered,HARI BELANJA,23432,SiCepat
ORD000436,CUST0750,"2023-03-09",234990,Bogor,Jawa Barat,14573,QRIS,delivered,HARI BELANJA,22010,Pos Indonesia
ORD000437,CUST0404,"2023-01-17",700211,Makassar,Sulawesi Selatan,36853,OVO,delivered,HARI BELANJA,36789,J&T
ORD000438,CUST0559,"2023-05-26",355560,Bogor,Jawa Barat,13877,GoPay,delivered,RAMADAN23,43440,JNE
ORD000440,CUST0561,"2023-02-05",278886,Yogyakarta,DI Yogyakarta,19476,OVO,processing,WEEKEND25,28114,SiCepat
ORD000447,CUST0776,"2023-03-25",347383,Tangerang,Banten,9417,OVO,delivered,FLASHSALE,10617,J&T
ORD000449,CUST0779,"2022-04-15",187959,Medan,Sumatera Utara,31807,Transfer Bank,delivered,NEWUSER,49041,SiCepat
ORD000451,CUST0109,"2024-01-06",215276,Malang,Jawa Timur,18481,Transfer Bank,shipped,MEMBER10,22724,J&T
ORD000452,CUST0787,"2022-07-31",686695,Tangerang,Banten,9995,GoPay,delivered,HARI BELANJA,11305,Pos Indonesia
ORD000457,CUST0237,"2024-10-28",278987,Banjarmasin,Kalimantan Selatan,33076,GoPay,delivered,WEEKEND25,18013,J&T
ORD000458,CUST0328,"2023-09-11",239220,Makassar,Sulawesi Selatan,42532,QRIS,delivered,RAMADAN23,18780,J&T
ORD000459,CUST0240,"2024-10-16",209484,Yogyakarta,DI Yogyakarta,15796,GoPay,delivered,MEMBER10,38516,Anteraja
ORD000460,CUST0777,"2024-06-25",430972,Medan,Sumatera Utara,37667,GoPay,delivered,HARI BELANJA,18028,J&T
ORD000461,CUST0371,"2023-05-25",825830,Bandung,Jawa Barat,14354,QRIS,processing,HARBOLNAS22,22170,J&T
ORD000462,CUST0453,"2023-02-27",34392,Malang,Jawa Timur,20935,GoPay,delivered,WEEKEND25,44608,JNE
ORD000467,CUST0619,"2024-08-07",421033,Yogyakarta,DI Yogyakarta,19080,Transfer Bank,cancelled,FLASHSALE,36967,J&T
ORD000470,CUST0180,"2025-01-16",373251,Tangerang,Banten,9614,Kartu Kredit,processing,SALE2024,13749,SiCepat
ORD000472,CUST0593,"2022-10-28",1628926,Yogyakarta,DI Yogyakarta,13242,Kartu Kredit,shipped,HARI BELANJA,15074,Pos Indonesia
ORD000480,CUST0106,"2024-03-20",294161,Palembang,Sumatera Selatan,25050,Kartu Kredit,cancelled,SALE2024,32839,SiCepat
ORD000485,CUST0770,"2024-06-30",481839,Pontianak,Kalimantan Barat,38072,Transfer Bank,delivered,HARBOLNAS22,35161,JNE
ORD000489,CUST0276,"2023-03-09",446372,Balikpapan,Kalimantan Timur,32723,OVO,delivered,RAMADAN23,29628,SiCepat
ORD000495,CUST0327,"2024-02-26",107990,Denpasar,Bali,22765,OVO,delivered,WEEKEND25,21010,Anteraja
ORD000496,CUST0776,"2024-05-15",1009663,Bekasi,Jawa Barat,12368,Transfer Bank,processing,MEMBER10,47337,Anteraja
ORD000497,CUST0588,"2023-01-26",215552,Jakarta,DKI Jakarta,10876,OVO,delivered,FLASHSALE,13448,SiCepat
ORD000498,CUST0595,"2023-04-06",233693,Surabaya,Jawa Timur,14335,OVO,delivered,NEWUSER,45307,JNE
ORD000500,CUST0039,"2023-05-13",1101041,Semarang,Jawa Tengah,17612,OVO,processing,FLASHSALE,24959,JNE
ORD000501,CUST0475,"2023-05-14",89446,Palembang,Sumatera Selatan,28973,OVO,cancelled,MEMBER10,28554,SiCepat
ORD000505,CUST0177,"2023-03-02",147030,Malang,Jawa Timur,18590,Transfer Bank,delivered,WEEKEND25,31970,SiCepat
ORD000506,CUST0202,"2024-07-19",291605,Banjarmasin,Kalimantan Selatan,37343,Kartu Kredit,delivered,SALE2024,37395,J&T
ORD000508,CUST0321,"2023-05-06",121840,Makassar,Sulawesi Selatan,41896,Transfer Bank,delivered,RAMADAN23,27160,J&T
ORD000509,CUST0689,"2023-05-16",764971,Bogor,Jawa Barat,10768,Transfer Bank,delivered,HARI BELANJA,33029,Pos Indonesia
ORD000512,CUST0395,"2022-04-12",881025,Makassar,Sulawesi Selatan,44455,GoPay,delivered,HARBOLNAS22,35975,JNE
ORD000514,CUST0487,"2025-02-25",213624,Medan,Sumatera Utara,25264,Kartu Kredit,delivered,HARBOLNAS22,35376,SiCepat
ORD000519,CUST0239,"2023-08-24",73292,Jakarta,DKI Jakarta,10186,GoPay,processing,NEWUSER,15708,SiCepat
ORD000520,CUST0691,"2024-06-10",222702,Jakarta,DKI Jakarta,10620,OVO,delivered,FLASHSALE,45298,JNE
ORD000522,CUST0711,"2024-12-03",519536,Bekasi,Jawa Barat,13413,Transfer Bank,delivered,NEWUSER,17464,Anteraja
ORD000524,CUST0794,"2022-08-02",49230,Makassar,Sulawesi Selatan,36754,OVO,delivered,RAMADAN23,39770,Anteraja
ORD000529,CUST0084,"2023-12-24",1019705,Jakarta,DKI Jakarta,10711,QRIS,delivered,FLASHSALE,26295,JNE
ORD000530,CUST0010,"2023-05-19",227144,Manado,Sulawesi Utara,43537,Transfer Bank,shipped,WEEKEND25,30856,SiCepat
ORD000531,CUST0137,"2024-12-10",1230071,Surabaya,Jawa Timur,14907,Transfer Bank,processing,HARBOLNAS22,25929,JNE
ORD000532,CUST0410,"2024-05-27",12058,Banjarmasin,Kalimantan Selatan,36958,Transfer Bank,delivered,WEEKEND25,36942,SiCepat
ORD000536,CUST0489,"2024-07-18",485799,Depok,Jawa Barat,13058,GoPay,delivered,SALE2024,13201,Anteraja
ORD000537,CUST0536,"2025-02-20",1137022,Medan,Sumatera Utara,30363,Transfer Bank,delivered,RAMADAN23,28978,JNE
ORD000540,CUST0034,"2024-09-14",619696,Palembang,Sumatera Selatan,32999,GoPay,delivered,SALE2024,25304,SiCepat
ORD000542,CUST0796,"2024-01-21",560522,Tangerang,Banten,12295,GoPay,cancelled,WEEKEND25,47478,JNE
ORD000543,CUST0342,"2025-01-25",380102,Pontianak,Kalimantan Barat,40001,OVO,processing,MEMBER10,17898,SiCepat
ORD000544,CUST0728,"2023-04-03",164198,Malang,Jawa Timur,17949,OVO,delivered,SALE2024,14802,J&T
ORD000551,CUST0013,"2024-06-29",838428,Makassar,Sulawesi Selatan,38840,Transfer Bank,delivered,NEWUSER,48572,SiCepat
ORD000553,CUST0022,"2024-09-18",748340,Surabaya,Jawa Timur,15209,GoPay,shipped,WEEKEND25,18660,J&T
ORD000558,CUST0008,"2023-05-12",551018,Denpasar,Bali,24854,GoPay,shipped,FLASHSALE,25982,SiCepat
ORD000561,CUST0050,"2023-01-13",470569,Padang,Sumatera Barat,30491,GoPay,delivered,WEEKEND25,27431,JNE
ORD000562,CUST0009,"2024-10-04",107473,Semarang,Jawa Tengah,13772,OVO,delivered,SALE2024,11527,Pos Indonesia
ORD000564,CUST0402,"2022-10-23",445127,Banjarmasin,Kalimantan Selatan,28704,Transfer Bank,returned,SALE2024,12873,J&T
ORD000565,CUST0327,"2023-09-20",183306,Denpasar,Bali,24674,QRIS,delivered,FLASHSALE,44694,JNE
ORD000569,CUST0070,"2023-11-24",327254,Balikpapan,Kalimantan Timur,31477,GoPay,processing,SALE2024,21746,J&T
ORD000571,CUST0598,"2022-12-15",1081550,Depok,Jawa Barat,9654,Kartu Kredit,cancelled,FLASHSALE,35450,SiCepat
ORD000573,CUST0791,"2023-04-24",527586,Semarang,Jawa Tengah,15883,Kartu Kredit,delivered,NEWUSER,19414,JNE
ORD000575,CUST0137,"2023-03-27",374331,Surabaya,Jawa Timur,15769,GoPay,cancelled,SALE2024,24669,SiCepat
ORD000580,CUST0641,"2024-03-30",42668,Medan,Sumatera Utara,32362,GoPay,delivered,WEEKEND25,36332,Anteraja
ORD000584,CUST0679,"2025-02-26",400526,Padang,Sumatera Barat,30744,OVO,delivered,NEWUSER,48474,J&T
ORD000586,CUST0323,"2024-01-28",314031,Tangerang,Banten,10700,Transfer Bank,delivered,MEMBER10,34969,Anteraja
ORD000587,CUST0104,"2022-03-23",716933,Jakarta,DKI Jakarta,10883,QRIS,delivered,MEMBER10,11067,SiCepat
ORD000590,CUST0560,"2024-01-11",462733,Semarang,Jawa Tengah,14376,Transfer Bank,delivered,FLASHSALE,36267,J&T
ORD000592,CUST0581,"2024-07-07",181387,Balikpapan,Kalimantan Timur,33955,QRIS,cancelled,HARBOLNAS22,47613,Anteraja
ORD000593,CUST0145,"2023-07-13",34742,Manado,Sulawesi Utara,33621,GoPay,delivered,HARI BELANJA,44258,J&T
ORD000595,CUST0346,"2024-07-26",69173,Medan,Sumatera Utara,27175,Transfer Bank,delivered,MEMBER10,29827,JNE
ORD000597,CUST0018,"2024-04-27",831401,Manado,Sulawesi Utara,39699,Kartu Kredit,shipped,NEWUSER,43599,J&T
ORD000598,CUST0659,"2023-03-02",280735,Palembang,Sumatera Selatan,27452,OVO,delivered,HARBOLNAS22,48265,SiCepat
ORD000599,CUST0789,"2023-02-27",629823,Palembang,Sumatera Selatan,31771,GoPay,processing,MEMBER10,17177,SiCepat
ORD000601,CUST0587,"2023-11-21",568288,Manado,Sulawesi Utara,36115,OVO,cancelled,MEMBER10,27712,J&T
ORD000604,CUST0117,"2024-02-17",1130052,Denpasar,Bali,31251,GoPay,delivered,MEMBER10,16948,JNE
ORD000610,CUST0643,"2024-01-22",350115,Denpasar,Bali,27635,QRIS,delivered,NEWUSER,48885,SiCepat
ORD000614,CUST0648,"2024-12-03",1324260,Balikpapan,Kalimantan Timur,43226,GoPay,delivered,SALE2024,11740,J&T
ORD000615,CUST0665,"2024-01-30",1000,Surabaya,Jawa Timur,17859,Kartu Kredit,returned,SALE2024,48000,JNE
ORD000617,CUST0048,"2023-06-02",559017,Pekanbaru,Riau,27372,GoPay,shipped,HARI BELANJA,38983,Anteraja
ORD000623,CUST0438,"2025-01-03",1547586,Surabaya,Jawa Timur,13103,OVO,delivered,SALE2024,49414,SiCepat
ORD000624,CUST0721,"2024-11-15",956274,Tangerang,Banten,13170,GoPay,delivered,MEMBER10,20726,SiCepat
ORD000626,CUST0025,"2025-01-10",650454,Pekanbaru,Riau,28296,Kartu Kredit,shipped,HARI BELANJA,27546,J&T
ORD000628,CUST0662,"2024-05-29",157094,Palembang,Sumatera Selatan,34906,Kartu Kredit,processing,NEWUSER,41906,SiCepat
ORD000629,CUST0461,"2023-12-05",420164,Bekasi,Jawa Barat,10027,GoPay,delivered,SALE2024,37836,SiCepat
ORD000632,CUST0132,"2022-12-08",511854,Depok,Jawa Barat,13820,GoPay,delivered,HARBOLNAS22,16146,Pos Indonesia
ORD000634,CUST0359,"2022-05-28",210596,Bekasi,Jawa Barat,11953,GoPay,delivered,HARI BELANJA,18404,Anteraja
ORD000642,CUST0548,"2023-11-04",310555,Jakarta,DKI Jakarta,9990,Kartu Kredit,delivered,MEMBER10,18445,J&T
ORD000643,CUST0339,"2024-01-14",375256,Semarang,Jawa Tengah,17338,Kartu Kredit,delivered,MEMBER10,21744,J&T
ORD000644,CUST0724,"2024-01-13",275947,Surabaya,Jawa Timur,13512,Transfer Bank,delivered,MEMBER10,20053,J&T
ORD000645,CUST0028,"2023-08-02",40564,Pontianak,Kalimantan Barat,29235,Transfer Bank,shipped,SALE2024,18436,J&T
ORD000646,CUST0139,"2024-05-02",93051,Bekasi,Jawa Barat,11617,Transfer Bank,returned,HARBOLNAS22,14949,JNE
ORD000648,CUST0220,"2023-12-20",19062,Medan,Sumatera Utara,38638,Kartu Kredit,shipped,MEMBER10,49938,J&T
ORD000649,CUST0454,"2023-01-06",1155966,Makassar,Sulawesi Selatan,38388,GoPay,delivered,HARI BELANJA,41034,JNE
ORD000651,CUST0380,"2024-10-28",157020,Malang,Jawa Timur,17997,Kartu Kredit,delivered,MEMBER10,40980,JNE
ORD000654,CUST0398,"2023-10-05",344074,Banjarmasin,Kalimantan Selatan,33550,GoPay,delivered,MEMBER10,23926,J&T
ORD000658,CUST0729,"2022-03-13",242992,Malang,Jawa Timur,18700,Transfer Bank,delivered,HARI BELANJA,36008,JNE
ORD000660,CUST0472,"2022-10-28",761205,Malang,Jawa Timur,14092,Transfer Bank,processing,HARI BELANJA,15795,JNE
ORD000661,CUST0636,"2023-11-01",481556,Yogyakarta,DI Yogyakarta,17511,Transfer Bank,delivered,HARBOLNAS22,17444,SiCepat
ORD000662,CUST0411,"2024-04-19",495410,Surabaya,Jawa Timur,17991,OVO,processing,WEEKEND25,41590,JNE
ORD000665,CUST0166,"2024-01-05",579006,Tangerang,Banten,12417,Kartu Kredit,cancelled,SALE2024,17994,J&T
ORD000669,CUST0297,"2022-03-27",664711,Banjarmasin,Kalimantan Selatan,41944,OVO,delivered,WEEKEND25,22289,Anteraja
ORD000670,CUST0620,"2022-09-26",572011,Surabaya,Jawa Timur,17219,GoPay,shipped,HARBOLNAS22,14989,JNE
ORD000674,CUST0060,"2022-02-19",75927,Bekasi,Jawa Barat,12544,GoPay,cancelled,SALE2024,22073,Anteraja
ORD000677,CUST0797,"2024-01-01",1179024,Bogor,Jawa Barat,13351,GoPay,delivered,RAMADAN23,17976,JNE
ORD000678,CUST0360,"2024-11-06",284528,Semarang,Jawa Tengah,13170,OVO,delivered,SALE2024,44472,J&T
ORD000679,CUST0198,"2023-10-19",1120861,Malang,Jawa Timur,14261,Transfer Bank,delivered,RAMADAN23,26139,SiCepat
ORD000681,CUST0369,"2025-01-20",420941,Pekanbaru,Riau,30588,Transfer Bank,delivered,MEMBER10,15059,J&T
ORD000682,CUST0628,"2023-03-26",451916,Jakarta,DKI Jakarta,11116,QRIS,cancelled,SALE2024,46084,JNE
ORD000686,CUST0755,"2022-07-20",740451,Manado,Sulawesi Utara,42446,Transfer Bank,delivered,FLASHSALE,37549,Anteraja
ORD000688,CUST0574,"2022-10-29",89618,Padang,Sumatera Barat,26293,GoPay,shipped,WEEKEND25,29382,J&T
ORD000689,CUST0276,"2023-08-28",66909,Bekasi,Jawa Barat,9074,GoPay,shipped,HARBOLNAS22,12091,JNE
ORD000691,CUST0599,"2025-02-06",149693,Manado,Sulawesi Utara,38206,Transfer Bank,delivered,FLASHSALE,49307,J&T
ORD000694,CUST0123,"2023-04-19",1214572,Balikpapan,Kalimantan Timur,36653,GoPay,delivered,NEWUSER,48428,Anteraja
ORD000695,CUST0161,"2024-05-18",145927,Depok,Jawa Barat,11935,Transfer Bank,delivered,NEWUSER,42073,J&T
ORD000701,CUST0778,"2023-03-01",478785,Malang,Jawa Timur,15311,OVO,processing,HARBOLNAS22,20215,SiCepat
ORD000702,CUST0136,"2023-11-04",339933,Jakarta,DKI Jakarta,10564,GoPay,cancelled,HARI BELANJA,18067,JNE
ORD000703,CUST0553,"2023-03-03",129268,Depok,Jawa Barat,13233,OVO,shipped,SALE2024,49732,J&T
ORD000704,CUST0320,"2023-01-01",859984,Palembang,Sumatera Selatan,29431,Kartu Kredit,processing,SALE2024,27016,JNE
ORD000705,CUST0448,"2023-11-21",690952,Pekanbaru,Riau,28227,GoPay,delivered,HARI BELANJA,37048,Pos Indonesia
ORD000707,CUST0300,"2023-08-28",16953,Medan,Sumatera Utara,28609,Kartu Kredit,delivered,NEWUSER,42047,SiCepat
ORD000709,CUST0726,"2023-02-01",481801,Medan,Sumatera Utara,35247,Transfer Bank,delivered,FLASHSALE,17199,J&T
ORD000711,CUST0629,"2023-04-09",68818,Padang,Sumatera Barat,28412,Kartu Kredit,delivered,NEWUSER,29182,J&T
ORD000713,CUST0299,"2024-01-15",884324,Manado,Sulawesi Utara,35771,OVO,delivered,SALE2024,13676,JNE
ORD000715,CUST0533,"2023-01-04",543592,Yogyakarta,DI Yogyakarta,14133,Kartu Kredit,processing,NEWUSER,23408,JNE
ORD000717,CUST0391,"2022-06-21",627547,Pontianak,Kalimantan Barat,37938,QRIS,cancelled,HARBOLNAS22,17453,Anteraja
ORD000718,CUST0193,"2022-10-12",1015392,Medan,Sumatera Utara,26533,QRIS,cancelled,HARI BELANJA,32608,J&T
ORD000719,CUST0544,"2024-12-21",442141,Manado,Sulawesi Utara,32799,Transfer Bank,delivered,MEMBER10,25859,J&T
ORD000720,CUST0066,"2023-07-29",464915,Malang,Jawa Timur,14621,OVO,processing,FLASHSALE,33085,JNE
ORD000722,CUST0563,"2023-02-20",604187,Yogyakarta,DI Yogyakarta,16789,Kartu Kredit,shipped,FLASHSALE,43813,J&T
ORD000723,CUST0399,"2023-09-14",44697,Banjarmasin,Kalimantan Selatan,37318,OVO,processing,WEEKEND25,14303,J&T
ORD000726,CUST0718,"2023-09-02",1472598,Pontianak,Kalimantan Barat,33410,GoPay,delivered,FLASHSALE,23402,J&T
ORD000730,CUST0774,"2022-09-10",1182565,Padang,Sumatera Barat,26101,OVO,delivered,HARI BELANJA,15435,J&T
ORD000734,CUST0017,"2022-12-12",408025,Surabaya,Jawa Timur,14306,QRIS,returned,RAMADAN23,47975,J&T
ORD000735,CUST0078,"2024-04-20",342586,Bandung,Jawa Barat,13757,Transfer Bank,shipped,RAMADAN23,15414,J&T
ORD000736,CUST0337,"2022-12-04",121853,Balikpapan,Kalimantan Timur,36503,OVO,cancelled,NEWUSER,27147,J&T
ORD000738,CUST0111,"2023-07-16",1055497,Pontianak,Kalimantan Barat,41405,Transfer Bank,delivered,SALE2024,11503,Anteraja
ORD000739,CUST0213,"2022-08-23",206360,Medan,Sumatera Utara,35770,GoPay,delivered,SALE2024,42640,SiCepat
ORD000743,CUST0610,"2024-02-18",581775,Depok,Jawa Barat,9933,OVO,processing,MEMBER10,14225,J&T
ORD000751,CUST0584,"2024-04-15",938938,Tangerang,Banten,9701,QRIS,returned,MEMBER10,48062,J&T
ORD000754,CUST0298,"2022-08-04",436791,Depok,Jawa Barat,11700,GoPay,delivered,RAMADAN23,30209,J&T
ORD000756,CUST0504,"2023-08-02",316633,Pontianak,Kalimantan Barat,38527,Transfer Bank,delivered,WEEKEND25,12367,JNE
ORD000757,CUST0506,"2023-10-25",1054184,Depok,Jawa Barat,13921,GoPay,returned,HARI BELANJA,22816,JNE
ORD000763,CUST0485,"2023-08-01",298871,Pontianak,Kalimantan Barat,32763,Transfer Bank,processing,WEEKEND25,49129,SiCepat
ORD000765,CUST0411,"2023-12-27",758702,Surabaya,Jawa Timur,15750,Transfer Bank,delivered,HARI BELANJA,19298,Pos Indonesia
ORD000766,CUST0605,"2023-11-26",268682,Jakarta,DKI Jakarta,8989,OVO,delivered,SALE2024,10318,J&T
ORD000768,CUST0704,"2024-04-27",351245,Bandung,Jawa Barat,14026,OVO,processing,FLASHSALE,47755,J&T
ORD000769,CUST0030,"2023-03-13",493363,Pekanbaru,Riau,29548,Kartu Kredit,delivered,NEWUSER,44637,J&T
ORD000771,CUST0353,"2024-06-25",45907,Balikpapan,Kalimantan Timur,41282,GoPay,delivered,HARI BELANJA,23093,SiCepat
ORD000776,CUST0570,"2024-01-10",94997,Makassar,Sulawesi Selatan,43929,QRIS,shipped,MEMBER10,34003,SiCepat
ORD000779,CUST0087,"2024-11-21",149354,Manado,Sulawesi Utara,39926,GoPay,shipped,HARI BELANJA,49646,JNE
ORD000786,CUST0103,"2023-05-13",532968,Jakarta,DKI Jakarta,10234,GoPay,delivered,NEWUSER,15032,JNE
ORD000789,CUST0800,"2022-08-30",292697,Padang,Sumatera Barat,25870,GoPay,delivered,FLASHSALE,15303,J&T
ORD000790,CUST0784,"2022-10-25",413475,Tangerang,Banten,11169,Kartu Kredit,delivered,FLASHSALE,35525,JNE
ORD000791,CUST0118,"2024-08-14",479734,Bekasi,Jawa Barat,10935,GoPay,shipped,FLASHSALE,36266,SiCepat
ORD000794,CUST0391,"2023-07-07",54451,Pontianak,Kalimantan Barat,28013,Transfer Bank,shipped,RAMADAN23,34549,JNE
ORD000795,CUST0191,"2023-04-04",852700,Denpasar,Bali,28714,OVO,delivered,WEEKEND25,45300,Anteraja
ORD000796,CUST0579,"2023-09-29",412684,Palembang,Sumatera Selatan,22357,Transfer Bank,delivered,NEWUSER,36316,SiCepat
ORD000797,CUST0747,"2023-02-25",1398684,Palembang,Sumatera Selatan,24967,OVO,delivered,HARBOLNAS22,27316,Pos Indonesia
ORD000798,CUST0052,"2023-11-05",409749,Semarang,Jawa Tengah,12671,GoPay,delivered,RAMADAN23,39251,J&T
ORD000799,CUST0714,"2024-07-21",297661,Medan,Sumatera Utara,38555,GoPay,shipped,HARI BELANJA,49339,J&T
ORD000802,CUST0361,"2023-03-24",54558,Bogor,Jawa Barat,10846,GoPay,delivered,NEWUSER,44442,J&T
ORD000803,CUST0707,"2024-11-19",361081,Surabaya,Jawa Timur,15210,GoPay,cancelled,RAMADAN23,37919,SiCepat
ORD000804,CUST0506,"2023-11-23",676653,Pekanbaru,Riau,28373,Transfer Bank,returned,HARBOLNAS22,30347,JNE
ORD000806,CUST0241,"2024-10-18",482064,Depok,Jawa Barat,10013,Transfer Bank,cancelled,FLASHSALE,16936,Pos Indonesia
ORD000810,CUST0637,"2022-10-14",640948,Makassar,Sulawesi Selatan,35011,GoPay,processing,SALE2024,17052,J&T
ORD000814,CUST0665,"2024-05-09",308216,Surabaya,Jawa Timur,16528,Kartu Kredit,delivered,MEMBER10,38784,SiCepat
ORD000817,CUST0028,"2024-06-13",10638,Pontianak,Kalimantan Barat,32377,Transfer Bank,delivered,WEEKEND25,38362,Pos Indonesia
ORD000818,CUST0598,"2024-07-20",29100,Depok,Jawa Barat,10375,OVO,delivered,NEWUSER,49900,J&T
ORD000820,CUST0525,"2024-05-14",360415,Bogor,Jawa Barat,12456,OVO,delivered,WEEKEND25,38585,JNE
ORD000825,CUST0218,"2025-02-24",292224,Jakarta,DKI Jakarta,10642,GoPay,delivered,HARBOLNAS22,36776,Pos Indonesia
ORD000827,CUST0083,"2022-04-26",87649,Pontianak,Kalimantan Barat,41043,QRIS,shipped,WEEKEND25,31351,Anteraja
ORD000828,CUST0001,"2024-02-18",302887,Semarang,Jawa Tengah,15460,QRIS,shipped,NEWUSER,34113,J&T
ORD000831,CUST0457,"2022-01-28",19284,Malang,Jawa Timur,14456,QRIS,shipped,WEEKEND25,29716,JNE
ORD000832,CUST0527,"2025-01-21",922534,Malang,Jawa Timur,20192,Transfer Bank,shipped,FLASHSALE,24466,J&T
ORD000833,CUST0020,"2024-02-01",379339,Bandung,Jawa Barat,11157,GoPay,delivered,FLASHSALE,19661,SiCepat
ORD000834,CUST0726,"2023-06-17",50568,Medan,Sumatera Utara,32779,Transfer Bank,delivered,MEMBER10,28432,J&T
ORD000835,CUST0217,"2024-05-13",114701,Denpasar,Bali,29793,GoPay,shipped,NEWUSER,34299,JNE
ORD000838,CUST0568,"2025-02-27",504532,Bekasi,Jawa Barat,13061,QRIS,cancelled,FLASHSALE,22468,SiCepat
ORD000839,CUST0457,"2024-05-29",37524,Jakarta,DKI Jakarta,11941,Kartu Kredit,delivered,SALE2024,11476,J&T
ORD000840,CUST0492,"2023-06-03",420581,Pekanbaru,Riau,29293,GoPay,delivered,HARBOLNAS22,47419,JNE
ORD000846,CUST0419,"2024-11-01",514516,Medan,Sumatera Utara,32562,OVO,delivered,WEEKEND25,32484,SiCepat
ORD000847,CUST0615,"2024-01-17",250272,Semarang,Jawa Tengah,12555,Transfer Bank,delivered,WEEKEND25,28728,JNE
ORD000848,CUST0018,"2023-08-22",364353,Manado,Sulawesi Utara,40765,GoPay,cancelled,WEEKEND25,34647,JNE
ORD000849,CUST0034,"2023-05-15",387826,Semarang,Jawa Tengah,16520,OVO,delivered,SALE2024,10174,J&T
ORD000850,CUST0193,"2023-05-10",583621,Medan,Sumatera Utara,39699,OVO,shipped,FLASHSALE,15379,Anteraja
ORD000852,CUST0009,"2022-09-12",680206,Semarang,Jawa Tengah,15427,Kartu Kredit,delivered,SALE2024,17794,JNE
ORD000853,CUST0501,"2024-06-11",1351999,Pontianak,Kalimantan Barat,28948,Kartu Kredit,delivered,FLASHSALE,44001,SiCepat
ORD000856,CUST0178,"2023-03-04",248655,Yogyakarta,DI Yogyakarta,16030,OVO,shipped,NEWUSER,29345,JNE
ORD000857,CUST0093,"2025-02-24",874561,Bandung,Jawa Barat,11610,Transfer Bank,delivered,HARBOLNAS22,22439,SiCepat
ORD000859,CUST0328,"2023-12-27",29736,Makassar,Sulawesi Selatan,33889,OVO,delivered,RAMADAN23,19264,Pos Indonesia
ORD000862,CUST0127,"2023-03-14",738241,Makassar,Sulawesi Selatan,32489,OVO,shipped,NEWUSER,27759,J&T
ORD000864,CUST0051,"2024-03-05",352530,Yogyakarta,DI Yogyakarta,18287,OVO,cancelled,NEWUSER,46470,JNE
ORD000866,CUST0024,"2024-03-30",196733,Makassar,Sulawesi Selatan,38454,GoPay,processing,MEMBER10,41267,JNE
ORD000869,CUST0391,"2023-12-30",682221,Pontianak,Kalimantan Barat,41591,Transfer Bank,delivered,HARBOLNAS22,15779,SiCepat
ORD000872,CUST0316,"2022-12-25",432907,Depok,Jawa Barat,12765,Kartu Kredit,shipped,FLASHSALE,16093,Pos Indonesia
ORD000873,CUST0754,"2023-04-21",1153350,Tangerang,Banten,13623,GoPay,delivered,WEEKEND25,44650,SiCepat
ORD000874,CUST0767,"2024-06-13",482467,Palembang,Sumatera Selatan,24445,OVO,delivered,RAMADAN23,44533,SiCepat
ORD000880,CUST0627,"2023-09-20",1162048,Balikpapan,Kalimantan Timur,41839,Transfer Bank,processing,RAMADAN23,35952,J&T
ORD000884,CUST0409,"2023-12-16",107245,Bekasi,Jawa Barat,11833,GoPay,delivered,WEEKEND25,41755,Anteraja
ORD000885,CUST0274,"2025-02-21",74220,Surabaya,Jawa Timur,16061,Transfer Bank,shipped,SALE2024,44780,SiCepat
ORD000887,CUST0665,"2024-04-18",391939,Surabaya,Jawa Timur,12160,OVO,delivered,FLASHSALE,36061,Anteraja
ORD000888,CUST0490,"2024-05-10",941448,Pontianak,Kalimantan Barat,28041,GoPay,shipped,HARI BELANJA,34552,SiCepat
ORD000889,CUST0380,"2022-10-22",354921,Malang,Jawa Timur,16448,Transfer Bank,delivered,SALE2024,44079,SiCepat
ORD000892,CUST0105,"2023-07-26",564340,Padang,Sumatera Barat,26307,OVO,processing,RAMADAN23,32660,JNE
ORD000894,CUST0270,"2023-02-27",26547,Denpasar,Bali,31374,GoPay,delivered,NEWUSER,32453,J&T
ORD000897,CUST0046,"2023-09-25",849144,Medan,Sumatera Utara,37725,Transfer Bank,delivered,WEEKEND25,48856,JNE
ORD000898,CUST0456,"2024-02-09",815265,Makassar,Sulawesi Selatan,38072,OVO,delivered,FLASHSALE,12735,SiCepat
ORD000899,CUST0531,"2024-08-31",56953,Banjarmasin,Kalimantan Selatan,39696,Kartu Kredit,delivered,FLASHSALE,12047,J&T
ORD000902,CUST0412,"2024-06-07",309217,Depok,Jawa Barat,12987,QRIS,delivered,HARBOLNAS22,39783,SiCepat
ORD000903,CUST0132,"2022-09-07",65912,Depok,Jawa Barat,9699,QRIS,delivered,NEWUSER,13088,J&T
ORD000909,CUST0342,"2024-05-13",662114,Bekasi,Jawa Barat,12698,QRIS,shipped,RAMADAN23,44886,JNE
ORD000911,CUST0103,"2024-04-15",337134,Bogor,Jawa Barat,14202,GoPay,delivered,SALE2024,20866,SiCepat
ORD000914,CUST0681,"2023-02-18",276841,Surabaya,Jawa Timur,15809,GoPay,shipped,WEEKEND25,22159,J&T
ORD000915,CUST0097,"2023-01-10",977394,Makassar,Sulawesi Selatan,43853,GoPay,delivered,NEWUSER,20606,SiCepat
ORD000918,CUST0723,"2025-02-22",166556,Medan,Sumatera Utara,34049,Transfer Bank,cancelled,WEEKEND25,40444,J&T
ORD000922,CUST0087,"2023-06-30",49135,Malang,Jawa Timur,18701,Transfer Bank,shipped,RAMADAN23,19865,J&T
ORD000924,CUST0505,"2025-01-28",690300,Pontianak,Kalimantan Barat,28439,Transfer Bank,delivered,RAMADAN23,35700,J&T
ORD000927,CUST0243,"2022-04-06",80378,Malang,Jawa Timur,20481,GoPay,processing,FLASHSALE,17622,SiCepat
ORD000928,CUST0799,"2022-09-09",1019027,Surabaya,Jawa Timur,16805,GoPay,cancelled,FLASHSALE,28973,J&T
ORD000930,CUST0402,"2023-08-12",270413,Banjarmasin,Kalimantan Selatan,40176,GoPay,delivered,FLASHSALE,27587,JNE
ORD000937,CUST0402,"2023-03-20",869174,Banjarmasin,Kalimantan Selatan,30237,GoPay,delivered,FLASHSALE,28826,SiCepat
ORD000941,CUST0637,"2025-02-18",1003698,Makassar,Sulawesi Selatan,36794,QRIS,returned,HARI BELANJA,23302,SiCepat
ORD000942,CUST0717,"2022-03-26",138454,Palembang,Sumatera Selatan,27935,Kartu Kredit,delivered,WEEKEND25,10546,SiCepat
ORD000943,CUST0241,"2023-03-18",329166,Depok,Jawa Barat,9054,GoPay,delivered,RAMADAN23,19834,JNE
ORD000944,CUST0022,"2022-03-24",159990,Surabaya,Jawa Timur,12029,Transfer Bank,cancelled,HARI BELANJA,19010,J&T
ORD000947,CUST0506,"2022-04-23",416188,Pekanbaru,Riau,28519,GoPay,shipped,WEEKEND25,41812,J&T
ORD000949,CUST0495,"2024-01-20",231966,Manado,Sulawesi Utara,33206,OVO,delivered,SALE2024,47034,SiCepat
ORD000954,CUST0305,"2023-05-07",148856,Semarang,Jawa Tengah,14806,Kartu Kredit,shipped,WEEKEND25,30144,J&T
ORD000956,CUST0129,"2023-10-28",237682,Pekanbaru,Riau,22828,OVO,shipped,NEWUSER,41318,J&T
ORD000957,CUST0426,"2022-03-13",984524,Makassar,Sulawesi Selatan,42766,QRIS,processing,NEWUSER,13476,JNE
ORD000958,CUST0610,"2024-12-31",762048,Depok,Jawa Barat,9480,QRIS,shipped,SALE2024,35952,JNE
ORD000959,CUST0319,"2025-02-16",673431,Bekasi,Jawa Barat,12449,OVO,processing,FLASHSALE,44569,Anteraja
ORD000961,CUST0489,"2024-02-12",719340,Depok,Jawa Barat,13875,Transfer Bank,delivered,HARBOLNAS22,47660,J&T
ORD000962,CUST0039,"2024-11-02",18154,Semarang,Jawa Tengah,15713,GoPay,cancelled,FLASHSALE,30846,SiCepat
ORD000966,CUST0524,"2022-04-08",1613828,Bogor,Jawa Barat,13943,Transfer Bank,delivered,MEMBER10,41172,SiCepat
ORD000967,CUST0260,"2022-10-18",1071712,Balikpapan,Kalimantan Timur,41707,Kartu Kredit,delivered,SALE2024,26288,JNE
ORD000969,CUST0280,"2023-11-27",512532,Depok,Jawa Barat,11450,QRIS,delivered,NEWUSER,43468,JNE
ORD000970,CUST0037,"2025-01-19",958787,Depok,Jawa Barat,11043,Kartu Kredit,shipped,HARI BELANJA,17213,Anteraja
ORD000971,CUST0342,"2024-06-12",42158,Pontianak,Kalimantan Barat,29986,Kartu Kredit,delivered,MEMBER10,36842,SiCepat
ORD000973,CUST0001,"2023-02-11",373860,Semarang,Jawa Tengah,13260,Transfer Bank,shipped,NEWUSER,24140,SiCepat
ORD000981,CUST0071,"2024-06-25",111686,Pontianak,Kalimantan Barat,29654,Transfer Bank,delivered,MEMBER10,26314,J&T
ORD000984,CUST0607,"2024-07-04",166914,Bogor,Jawa Barat,14485,GoPay,delivered,MEMBER10,32086,Anteraja
ORD000986,CUST0243,"2024-08-05",598926,Malang,Jawa Timur,14797,GoPay,delivered,RAMADAN23,29074,SiCepat
ORD000988,CUST0660,"2023-05-14",87550,Pontianak,Kalimantan Barat,30500,GoPay,delivered,HARI BELANJA,31450,JNE
ORD000990,CUST0105,"2023-02-22",298731,Padang,Sumatera Barat,33238,OVO,processing,WEEKEND25,38269,JNE
ORD000991,CUST0045,"2024-02-28",261719,Bandung,Jawa Barat,14744,Transfer Bank,delivered,NEWUSER,37281,JNE
ORD000992,CUST0085,"2023-08-13",282607,Pontianak,Kalimantan Barat,41584,OVO,processing,MEMBER10,46393,Anteraja
ORD000994,CUST0113,"2025-01-23",78581,Palembang,Sumatera Selatan,33125,GoPay,delivered,WEEKEND25,10419,JNE
ORD000996,CUST0614,"2022-05-24",816550,Medan,Sumatera Utara,34178,OVO,processing,RAMADAN23,30450,JNE
ORD000997,CUST0010,"2025-02-03",370480,Manado,Sulawesi Utara,35792,Transfer Bank,shipped,HARBOLNAS22,47520,J&T
ORD000999,CUST0782,"2025-02-11",274924,Denpasar,Bali,22498,GoPay,shipped,NEWUSER,24076,J&T
ORD001000,CUST0461,"2023-10-21",1059490,Bekasi,Jawa Barat,13302,GoPay,shipped,SALE2024,36510,JNE
ORD001002,CUST0407,"2023-11-27",63540,Pontianak,Kalimantan Barat,28438,QRIS,shipped,HARBOLNAS22,35460,SiCepat
ORD001004,CUST0521,"2023-02-15",358869,Palembang,Sumatera Selatan,32643,Transfer Bank,processing,RAMADAN23,39131,JNE
ORD001008,CUST0217,"2024-06-08",579682,Surabaya,Jawa Timur,14548,OVO,processing,WEEKEND25,17318,J&T
ORD001009,CUST0758,"2024-11-27",209024,Tangerang,Banten,9850,QRIS,delivered,HARI BELANJA,19976,J&T
ORD001010,CUST0201,"2024-09-27",939078,Yogyakarta,DI Yogyakarta,17309,GoPay,delivered,NEWUSER,27922,SiCepat
ORD001012,CUST0235,"2024-08-20",110744,Tangerang,Banten,9994,GoPay,delivered,MEMBER10,36256,J&T
ORD001015,CUST0057,"2023-10-30",749634,Semarang,Jawa Tengah,12439,Transfer Bank,shipped,RAMADAN23,48366,SiCepat
ORD001017,CUST0198,"2024-05-22",512317,Manado,Sulawesi Utara,42231,Transfer Bank,shipped,MEMBER10,44683,Pos Indonesia
ORD001019,CUST0144,"2022-04-25",770843,Banjarmasin,Kalimantan Selatan,39915,QRIS,processing,WEEKEND25,27157,JNE
ORD001020,CUST0783,"2022-11-14",650160,Tangerang,Banten,12469,GoPay,delivered,NEWUSER,47840,SiCepat
ORD001022,CUST0180,"2023-10-08",379727,Tangerang,Banten,11130,OVO,shipped,MEMBER10,26273,J&T
ORD001026,CUST0120,"2023-12-31",625410,Pontianak,Kalimantan Barat,39875,Transfer Bank,delivered,FLASHSALE,32590,J&T
ORD001027,CUST0674,"2024-10-31",500298,Banjarmasin,Kalimantan Selatan,40608,Transfer Bank,delivered,SALE2024,26702,Anteraja
ORD001032,CUST0024,"2024-03-18",206620,Makassar,Sulawesi Selatan,43592,OVO,delivered,WEEKEND25,31380,SiCepat
ORD001033,CUST0068,"2023-12-24",403757,Makassar,Sulawesi Selatan,35439,Transfer Bank,shipped,MEMBER10,45243,JNE
ORD001034,CUST0788,"2023-03-05",28938,Semarang,Jawa Tengah,13416,Transfer Bank,delivered,HARBOLNAS22,20062,JNE
ORD001035,CUST0764,"2024-04-01",210440,Pontianak,Kalimantan Barat,31119,OVO,shipped,WEEKEND25,47560,Anteraja
ORD001036,CUST0145,"2024-09-01",400339,Medan,Sumatera Utara,39273,GoPay,delivered,HARBOLNAS22,26661,JNE
ORD001039,CUST0303,"2022-06-01",965281,Surabaya,Jawa Timur,12148,OVO,returned,SALE2024,31719,J&T
ORD001041,CUST0241,"2023-05-24",87570,Depok,Jawa Barat,11507,GoPay,delivered,FLASHSALE,20430,Anteraja
ORD001042,CUST0333,"2023-11-14",421406,Padang,Sumatera Barat,31296,OVO,delivered,HARBOLNAS22,25594,JNE
ORD001046,CUST0453,"2024-06-25",1093998,Medan,Sumatera Utara,26437,QRIS,delivered,FLASHSALE,21002,J&T
ORD001047,CUST0186,"2022-04-07",227540,Semarang,Jawa Tengah,16273,OVO,delivered,NEWUSER,10460,JNE
ORD001048,CUST0704,"2025-02-09",1064481,Bandung,Jawa Barat,10866,OVO,shipped,RAMADAN23,31519,SiCepat
ORD001050,CUST0525,"2023-11-04",309833,Bogor,Jawa Barat,12115,Kartu Kredit,returned,MEMBER10,48167,J&T
ORD001052,CUST0175,"2024-03-13",1032202,Palembang,Sumatera Selatan,27625,Transfer Bank,delivered,NEWUSER,43798,SiCepat
ORD001054,CUST0388,"2023-05-27",58481,Pontianak,Kalimantan Barat,33023,OVO,delivered,HARI BELANJA,40519,Pos Indonesia
ORD001055,CUST0398,"2022-11-21",370485,Bekasi,Jawa Barat,9209,OVO,delivered,FLASHSALE,28515,J&T
ORD001056,CUST0014,"2023-04-14",1235353,Depok,Jawa Barat,13948,GoPay,returned,WEEKEND25,30647,J&T
ORD001059,CUST0153,"2022-07-04",1755871,Pontianak,Kalimantan Barat,29206,Transfer Bank,returned,NEWUSER,49129,JNE
ORD001060,CUST0096,"2025-01-16",283544,Pontianak,Kalimantan Barat,40383,Kartu Kredit,processing,SALE2024,45456,J&T
ORD001061,CUST0665,"2023-12-21",665711,Surabaya,Jawa Timur,15163,Transfer Bank,delivered,FLASHSALE,32289,SiCepat
ORD001079,CUST0057,"2023-05-02",111981,Semarang,Jawa Tengah,13842,GoPay,delivered,MEMBER10,37019,J&T
ORD001083,CUST0767,"2025-02-09",504160,Yogyakarta,DI Yogyakarta,15838,Transfer Bank,shipped,FLASHSALE,23840,SiCepat
ORD001089,CUST0625,"2024-12-11",35988,Jakarta,DKI Jakarta,11352,Transfer Bank,delivered,HARI BELANJA,23012,SiCepat
ORD001090,CUST0667,"2023-09-01",267250,Surabaya,Jawa Timur,13279,Transfer Bank,cancelled,FLASHSALE,31750,JNE
ORD001098,CUST0064,"2025-02-01",453536,Bekasi,Jawa Barat,11746,OVO,delivered,NEWUSER,13464,Anteraja
ORD001104,CUST0037,"2023-01-08",764901,Depok,Jawa Barat,10804,Kartu Kredit,delivered,SALE2024,11099,SiCepat
ORD001108,CUST0652,"2024-08-08",123044,Denpasar,Bali,26967,Transfer Bank,returned,FLASHSALE,23956,JNE
ORD001112,CUST0369,"2024-07-21",555256,Pekanbaru,Riau,26677,GoPay,shipped,MEMBER10,43744,JNE
ORD001113,CUST0688,"2025-02-24",179315,Malang,Jawa Timur,18091,OVO,delivered,HARI BELANJA,38685,SiCepat
ORD001115,CUST0652,"2024-06-07",83029,Denpasar,Bali,22109,QRIS,delivered,HARI BELANJA,15971,Anteraja
ORD001116,CUST0778,"2023-09-08",434454,Malang,Jawa Timur,17475,GoPay,delivered,NEWUSER,23546,Anteraja
ORD001117,CUST0469,"2023-04-11",440877,Surabaya,Jawa Timur,12173,Transfer Bank,shipped,WEEKEND25,34123,J&T
ORD001118,CUST0474,"2024-10-22",2006961,Tangerang,Banten,13052,GoPay,delivered,RAMADAN23,39039,J&T
ORD001120,CUST0376,"2022-01-31",631936,Banjarmasin,Kalimantan Selatan,38956,Kartu Kredit,shipped,SALE2024,16064,J&T
ORD001124,CUST0023,"2024-02-06",327169,Tangerang,Banten,9725,Kartu Kredit,cancelled,HARI BELANJA,49831,J&T
ORD001125,CUST0259,"2022-11-08",371831,Bekasi,Jawa Barat,11477,GoPay,delivered,NEWUSER,27169,Anteraja
ORD001126,CUST0515,"2024-08-03",637122,Medan,Sumatera Utara,34843,Kartu Kredit,shipped,RAMADAN23,19878,SiCepat
ORD001128,CUST0052,"2024-11-17",1054372,Semarang,Jawa Tengah,16738,GoPay,delivered,HARBOLNAS22,43628,SiCepat
ORD001132,CUST0505,"2022-09-16",663272,Pontianak,Kalimantan Barat,33651,Transfer Bank,shipped,RAMADAN23,34728,J&T
ORD001134,CUST0774,"2023-01-31",162616,Padang,Sumatera Barat,33393,OVO,cancelled,MEMBER10,36384,JNE
ORD001136,CUST0761,"2024-09-27",611378,Yogyakarta,DI Yogyakarta,13216,OVO,cancelled,HARBOLNAS22,36622,JNE
ORD001138,CUST0146,"2024-06-30",309245,Depok,Jawa Barat,10158,OVO,delivered,RAMADAN23,47755,J&T
ORD001141,CUST0492,"2025-02-04",87492,Pekanbaru,Riau,30046,Kartu Kredit,delivered,HARI BELANJA,41508,J&T
ORD001142,CUST0410,"2022-05-12",168579,Semarang,Jawa Tengah,12039,GoPay,delivered,RAMADAN23,30421,SiCepat
ORD001145,CUST0512,"2023-05-26",100214,Semarang,Jawa Tengah,14376,Kartu Kredit,shipped,WEEKEND25,37786,SiCepat
ORD001147,CUST0386,"2024-08-30",1248929,Padang,Sumatera Barat,26059,OVO,shipped,HARBOLNAS22,48071,SiCepat
ORD001148,CUST0333,"2024-11-15",762437,Palembang,Sumatera Selatan,34943,OVO,delivered,RAMADAN23,14563,SiCepat
ORD001152,CUST0013,"2022-12-29",174051,Bandung,Jawa Barat,13660,Transfer Bank,delivered,WEEKEND25,23949,J&T
ORD001153,CUST0565,"2023-03-14",1402860,Banjarmasin,Kalimantan Selatan,39997,GoPay,delivered,MEMBER10,32140,JNE
ORD001162,CUST0586,"2025-01-20",158895,Manado,Sulawesi Utara,38649,GoPay,delivered,FLASHSALE,40105,J&T
ORD001164,CUST0608,"2024-01-15",2053317,Manado,Sulawesi Utara,36029,GoPay,processing,HARBOLNAS22,42683,J&T
ORD001167,CUST0405,"2023-05-03",106298,Denpasar,Bali,28353,Transfer Bank,delivered,HARBOLNAS22,22702,Pos Indonesia
ORD001168,CUST0315,"2023-03-25",1559672,Bogor,Jawa Barat,11522,GoPay,delivered,SALE2024,34328,SiCepat
ORD001169,CUST0454,"2023-01-20",429390,Surabaya,Jawa Timur,15780,Kartu Kredit,processing,FLASHSALE,19610,SiCepat
ORD001170,CUST0663,"2022-08-13",205242,Balikpapan,Kalimantan Timur,36030,Transfer Bank,delivered,FLASHSALE,23758,J&T
ORD001177,CUST0685,"2023-05-01",1129503,Padang,Sumatera Barat,35686,Transfer Bank,processing,NEWUSER,47497,JNE
ORD001178,CUST0039,"2023-08-20",1000,Padang,Sumatera Barat,35090,OVO,cancelled,FLASHSALE,48000,SiCepat
ORD001181,CUST0591,"2024-07-08",94023,Pekanbaru,Riau,31561,GoPay,shipped,HARI BELANJA,34977,Anteraja
ORD001182,CUST0173,"2023-06-12",237527,Pekanbaru,Riau,28560,Transfer Bank,shipped,MEMBER10,10473,JNE
ORD001191,CUST0093,"2024-09-17",446808,Bandung,Jawa Barat,13645,Transfer Bank,processing,SALE2024,31192,J&T
ORD001192,CUST0060,"2022-01-17",468015,Manado,Sulawesi Utara,43027,GoPay,delivered,WEEKEND25,48985,SiCepat
ORD001193,CUST0338,"2023-02-06",191501,Tangerang,Banten,12185,Transfer Bank,delivered,MEMBER10,37499,J&T
ORD001196,CUST0515,"2024-12-03",40414,Medan,Sumatera Utara,39793,OVO,delivered,FLASHSALE,18586,SiCepat
ORD001197,CUST0557,"2023-12-22",426351,Tangerang,Banten,9822,Kartu Kredit,delivered,HARI BELANJA,22649,J&T
ORD001200,CUST0688,"2024-10-08",698846,Manado,Sulawesi Utara,38746,GoPay,delivered,SALE2024,49154,J&T
ORD001201,CUST0209,"2024-09-30",648687,Makassar,Sulawesi Selatan,42802,Kartu Kredit,returned,NEWUSER,28313,JNE
ORD001207,CUST0718,"2024-02-28",116471,Pontianak,Kalimantan Barat,37546,OVO,shipped,HARBOLNAS22,32529,J&T
ORD001209,CUST0417,"2024-09-23",256045,Medan,Sumatera Utara,35013,GoPay,delivered,FLASHSALE,11955,JNE
ORD001211,CUST0226,"2024-11-18",678749,Tangerang,Banten,13681,OVO,delivered,HARI BELANJA,38251,JNE
ORD001212,CUST0184,"2023-04-22",406536,Medan,Sumatera Utara,33743,Transfer Bank,delivered,MEMBER10,42464,J&T
ORD001213,CUST0143,"2024-11-13",2298567,Medan,Sumatera Utara,29808,OVO,delivered,HARI BELANJA,35433,J&T
ORD001216,CUST0701,"2023-03-03",171423,Pekanbaru,Riau,24164,Transfer Bank,shipped,FLASHSALE,35577,JNE
ORD001217,CUST0035,"2022-06-24",474080,Pontianak,Kalimantan Barat,33061,OVO,cancelled,FLASHSALE,24920,J&T
ORD001218,CUST0339,"2023-02-07",787566,Semarang,Jawa Tengah,16219,Transfer Bank,cancelled,RAMADAN23,10434,JNE
ORD001223,CUST0290,"2024-06-28",938595,Palembang,Sumatera Selatan,25493,Kartu Kredit,delivered,SALE2024,18405,J&T
ORD001224,CUST0655,"2023-06-04",1152526,Bogor,Jawa Barat,13816,QRIS,shipped,SALE2024,43474,SiCepat
ORD001225,CUST0484,"2023-05-15",671821,Medan,Sumatera Utara,32129,GoPay,delivered,HARI BELANJA,15179,JNE
ORD001226,CUST0741,"2024-01-21",1983742,Pekanbaru,Riau,25401,Transfer Bank,processing,RAMADAN23,12258,JNE
ORD001228,CUST0612,"2023-05-12",861073,Pekanbaru,Riau,27109,Transfer Bank,delivered,NEWUSER,25927,JNE
ORD001229,CUST0284,"2024-08-06",465126,Bandung,Jawa Barat,13828,Transfer Bank,delivered,HARI BELANJA,33874,JNE
ORD001230,CUST0757,"2024-12-12",1325469,Bogor,Jawa Barat,10563,OVO,delivered,FLASHSALE,47531,JNE
ORD001232,CUST0330,"2023-01-30",864470,Jakarta,DKI Jakarta,9187,GoPay,shipped,HARI BELANJA,42530,Pos Indonesia
ORD001234,CUST0166,"2024-09-28",947141,Tangerang,Banten,10482,Kartu Kredit,shipped,MEMBER10,38859,JNE
ORD001237,CUST0593,"2024-09-03",1461520,Bekasi,Jawa Barat,13266,OVO,returned,HARBOLNAS22,35480,SiCepat
ORD001242,CUST0599,"2023-09-01",462390,Balikpapan,Kalimantan Timur,43098,Transfer Bank,delivered,HARI BELANJA,36610,J&T
ORD001244,CUST0777,"2022-10-20",444546,Medan,Sumatera Utara,25041,Kartu Kredit,delivered,RAMADAN23,32454,J&T
ORD001245,CUST0493,"2023-11-30",31256,Padang,Sumatera Barat,31441,OVO,delivered,WEEKEND25,17744,J&T
ORD001246,CUST0047,"2024-04-15",737266,Malang,Jawa Timur,16503,Transfer Bank,delivered,FLASHSALE,40734,J&T
ORD001247,CUST0107,"2024-11-12",558425,Depok,Jawa Barat,12636,OVO,delivered,RAMADAN23,40575,Anteraja
ORD001249,CUST0657,"2024-07-25",1131251,Padang,Sumatera Barat,36389,GoPay,shipped,NEWUSER,22749,J&T
ORD001251,CUST0271,"2024-09-15",70973,Balikpapan,Kalimantan Timur,36344,GoPay,delivered,NEWUSER,28027,J&T
ORD001252,CUST0454,"2025-02-21",354645,Makassar,Sulawesi Selatan,40461,Transfer Bank,delivered,MEMBER10,44355,J&T
ORD001253,CUST0626,"2023-04-21",753596,Jakarta,DKI Jakarta,9363,Kartu Kredit,delivered,HARI BELANJA,44404,SiCepat
ORD001257,CUST0664,"2023-12-26",929280,Depok,Jawa Barat,12537,OVO,delivered,HARBOLNAS22,47720,Anteraja
ORD001258,CUST0291,"2024-02-02",1234820,Jakarta,DKI Jakarta,8733,OVO,delivered,HARI BELANJA,41180,J&T
ORD001260,CUST0277,"2024-08-17",542407,Malang,Jawa Timur,21004,GoPay,cancelled,WEEKEND25,44593,Anteraja
ORD001262,CUST0584,"2022-04-16",1083935,Tangerang,Banten,11981,OVO,delivered,HARBOLNAS22,42065,Pos Indonesia
ORD001264,CUST0780,"2024-11-10",619633,Medan,Sumatera Utara,36972,Transfer Bank,returned,NEWUSER,38367,SiCepat
ORD001269,CUST0170,"2025-02-28",1116663,Tangerang,Banten,11168,QRIS,returned,SALE2024,40337,JNE
ORD001270,CUST0214,"2025-01-04",1090801,Padang,Sumatera Barat,34288,OVO,delivered,HARBOLNAS22,35199,J&T
ORD001271,CUST0530,"2022-01-10",876679,Manado,Sulawesi Utara,34038,Kartu Kredit,delivered,HARI BELANJA,49321,JNE
ORD001272,CUST0458,"2024-10-26",652887,Depok,Jawa Barat,10231,Transfer Bank,shipped,RAMADAN23,45113,SiCepat
ORD001273,CUST0161,"2023-11-07",365071,Depok,Jawa Barat,10131,GoPay,delivered,FLASHSALE,33929,JNE
ORD001275,CUST0745,"2024-10-11",217679,Denpasar,Bali,28221,GoPay,delivered,RAMADAN23,31321,SiCepat
ORD001277,CUST0370,"2023-06-20",245391,Palembang,Sumatera Selatan,34674,QRIS,delivered,HARI BELANJA,31609,J&T
ORD001283,CUST0116,"2024-04-09",15854,Malang,Jawa Timur,21425,QRIS,processing,MEMBER10,33146,JNE
ORD001285,CUST0783,"2023-09-02",176959,Tangerang,Banten,11917,Kartu Kredit,delivered,RAMADAN23,41041,SiCepat
ORD001290,CUST0065,"2024-10-07",217483,Pekanbaru,Riau,26642,QRIS,delivered,SALE2024,10517,JNE
ORD001293,CUST0531,"2022-12-18",313833,Banjarmasin,Kalimantan Selatan,41513,Kartu Kredit,delivered,MEMBER10,35167,J&T
ORD001294,CUST0625,"2023-10-20",414172,Jakarta,DKI Jakarta,9021,Transfer Bank,delivered,SALE2024,34828,SiCepat
ORD001298,CUST0338,"2023-07-22",75894,Bekasi,Jawa Barat,12681,OVO,shipped,FLASHSALE,32106,SiCepat
ORD001301,CUST0141,"2022-06-03",514746,Malang,Jawa Timur,14759,OVO,delivered,FLASHSALE,13254,SiCepat
ORD001303,CUST0606,"2024-01-25",1064091,Bandung,Jawa Barat,11697,Transfer Bank,delivered,MEMBER10,32909,J&T
ORD001307,CUST0348,"2024-04-27",252688,Bandung,Jawa Barat,12314,QRIS,delivered,MEMBER10,26312,SiCepat
ORD001308,CUST0090,"2023-07-14",92581,Bandung,Jawa Barat,10354,Transfer Bank,delivered,SALE2024,26419,JNE
ORD001312,CUST0429,"2023-01-29",161982,Medan,Sumatera Utara,29862,Transfer Bank,cancelled,MEMBER10,37018,SiCepat
ORD001313,CUST0768,"2024-06-21",248287,Bekasi,Jawa Barat,9904,OVO,delivered,HARBOLNAS22,30713,JNE
ORD001315,CUST0199,"2023-01-01",341716,Semarang,Jawa Tengah,16425,Kartu Kredit,delivered,SALE2024,16284,SiCepat
ORD001322,CUST0674,"2023-12-27",450363,Medan,Sumatera Utara,34193,GoPay,cancelled,RAMADAN23,48637,JNE
ORD001331,CUST0583,"2023-10-19",463224,Medan,Sumatera Utara,31054,Transfer Bank,delivered,FLASHSALE,35776,SiCepat
ORD001335,CUST0450,"2023-11-21",60773,Bandung,Jawa Barat,12667,QRIS,shipped,RAMADAN23,18227,J&T
ORD001337,CUST0471,"2023-10-09",1130331,Bandung,Jawa Barat,11540,GoPay,shipped,RAMADAN23,36669,J&T
ORD001338,CUST0549,"2023-08-01",335039,Balikpapan,Kalimantan Timur,35167,GoPay,delivered,RAMADAN23,13961,SiCepat
ORD001339,CUST0735,"2022-05-05",980554,Manado,Sulawesi Utara,39765,Transfer Bank,delivered,WEEKEND25,17446,JNE
ORD001342,CUST0332,"2023-03-01",808849,Medan,Sumatera Utara,38607,Transfer Bank,shipped,RAMADAN23,39151,SiCepat
ORD001344,CUST0585,"2024-02-02",258157,Makassar,Sulawesi Selatan,42677,GoPay,delivered,SALE2024,20843,J&T
ORD001348,CUST0119,"2024-02-21",292998,Makassar,Sulawesi Selatan,39345,OVO,shipped,FLASHSALE,36002,J&T
ORD001349,CUST0592,"2024-10-04",516866,Bandung,Jawa Barat,11379,GoPay,delivered,MEMBER10,30134,Anteraja
ORD001350,CUST0447,"2024-09-17",1027046,Depok,Jawa Barat,12303,GoPay,delivered,WEEKEND25,39954,JNE
ORD001351,CUST0685,"2023-10-31",132317,Padang,Sumatera Barat,30821,GoPay,delivered,RAMADAN23,46683,SiCepat
ORD001358,CUST0448,"2024-11-18",321868,Pekanbaru,Riau,25397,OVO,delivered,RAMADAN23,46132,SiCepat
ORD001360,CUST0756,"2025-02-06",44362,Surabaya,Jawa Timur,13902,GoPay,cancelled,NEWUSER,14638,SiCepat
ORD001364,CUST0368,"2022-05-18",1015544,Yogyakarta,DI Yogyakarta,15940,Transfer Bank,delivered,HARBOLNAS22,31456,Anteraja
ORD001365,CUST0628,"2022-05-04",809893,Jakarta,DKI Jakarta,8852,OVO,delivered,NEWUSER,38107,Anteraja
ORD001366,CUST0235,"2023-06-24",37093,Tangerang,Banten,11745,OVO,delivered,WEEKEND25,41907,J&T
ORD001370,CUST0108,"2024-09-17",634614,Yogyakarta,DI Yogyakarta,14972,Transfer Bank,delivered,RAMADAN23,43386,SiCepat
ORD001371,CUST0020,"2023-07-10",47445,Bandung,Jawa Barat,13049,OVO,shipped,MEMBER10,11555,Anteraja
ORD001372,CUST0558,"2022-01-05",68296,Denpasar,Bali,26924,Transfer Bank,shipped,HARI BELANJA,10704,J&T
ORD001375,CUST0585,"2023-01-24",1679712,Makassar,Sulawesi Selatan,32404,OVO,delivered,HARI BELANJA,46288,JNE
ORD001379,CUST0320,"2024-01-08",132375,Bekasi,Jawa Barat,9876,GoPay,delivered,FLASHSALE,25625,J&T
ORD001380,CUST0678,"2023-03-02",553065,Surabaya,Jawa Timur,14284,Kartu Kredit,shipped,WEEKEND25,24935,SiCepat
ORD001384,CUST0033,"2024-08-25",1655929,Balikpapan,Kalimantan Timur,40913,Transfer Bank,delivered,RAMADAN23,39071,SiCepat
ORD001385,CUST0376,"2024-09-23",708738,Banjarmasin,Kalimantan Selatan,32579,Transfer Bank,cancelled,WEEKEND25,18262,Pos Indonesia
ORD001390,CUST0290,"2024-02-04",164165,Semarang,Jawa Tengah,12484,Transfer Bank,delivered,FLASHSALE,34835,Pos Indonesia
ORD001394,CUST0209,"2022-01-12",1128141,Yogyakarta,DI Yogyakarta,13617,QRIS,delivered,WEEKEND25,17859,JNE
ORD001399,CUST0600,"2024-11-27",489940,Pontianak,Kalimantan Barat,31470,GoPay,processing,MEMBER10,47060,SiCepat
ORD001404,CUST0370,"2024-02-23",42844,Palembang,Sumatera Selatan,25297,Transfer Bank,delivered,MEMBER10,26156,JNE
ORD001406,CUST0512,"2024-05-19",499844,Semarang,Jawa Tengah,14150,GoPay,processing,NEWUSER,17156,SiCepat
ORD001407,CUST0505,"2024-05-22",977423,Pontianak,Kalimantan Barat,38792,Kartu Kredit,delivered,HARBOLNAS22,20577,JNE
ORD001408,CUST0219,"2024-04-13",149771,Makassar,Sulawesi Selatan,37795,GoPay,delivered,HARBOLNAS22,28229,Anteraja
ORD001413,CUST0714,"2024-10-22",85663,Medan,Sumatera Utara,37944,QRIS,delivered,HARBOLNAS22,33337,Anteraja
ORD001416,CUST0422,"2024-01-01",425248,Makassar,Sulawesi Selatan,37734,Transfer Bank,delivered,MEMBER10,32752,SiCepat
ORD001417,CUST0185,"2023-11-23",1134044,Padang,Sumatera Barat,30775,Kartu Kredit,delivered,HARBOLNAS22,22956,JNE
ORD001421,CUST0132,"2023-09-14",285987,Medan,Sumatera Utara,33850,QRIS,delivered,FLASHSALE,13013,SiCepat
ORD001424,CUST0369,"2024-08-09",253970,Pekanbaru,Riau,23409,Transfer Bank,shipped,RAMADAN23,43030,Anteraja
ORD001426,CUST0442,"2024-06-22",369816,Palembang,Sumatera Selatan,30544,QRIS,cancelled,HARBOLNAS22,29184,JNE
ORD001427,CUST0041,"2023-10-07",471545,Manado,Sulawesi Utara,33118,Kartu Kredit,processing,HARBOLNAS22,24455,J&T
ORD001435,CUST0742,"2023-02-09",102077,Bandung,Jawa Barat,14144,GoPay,delivered,NEWUSER,26923,JNE
ORD001436,CUST0703,"2024-02-21",383132,Semarang,Jawa Tengah,13678,OVO,delivered,RAMADAN23,23868,J&T
ORD001439,CUST0461,"2024-07-30",206224,Bekasi,Jawa Barat,12881,OVO,delivered,HARBOLNAS22,42776,Anteraja
ORD001440,CUST0688,"2024-06-28",4318,Malang,Jawa Timur,18801,GoPay,delivered,HARI BELANJA,44682,J&T
ORD001441,CUST0138,"2024-09-16",350012,Padang,Sumatera Barat,29907,Transfer Bank,delivered,SALE2024,48988,JNE
ORD001442,CUST0550,"2023-11-08",309895,Depok,Jawa Barat,12537,Kartu Kredit,delivered,HARBOLNAS22,26105,JNE
ORD001443,CUST0167,"2024-02-09",492688,Medan,Sumatera Utara,28178,Transfer Bank,shipped,RAMADAN23,43312,Pos Indonesia
ORD001453,CUST0242,"2024-11-12",315484,Bekasi,Jawa Barat,10275,Transfer Bank,shipped,NEWUSER,13516,J&T
ORD001456,CUST0579,"2024-08-01",93560,Palembang,Sumatera Selatan,26420,Transfer Bank,cancelled,SALE2024,25440,JNE
ORD001458,CUST0067,"2023-08-12",72070,Jakarta,DKI Jakarta,8922,GoPay,delivered,WEEKEND25,16930,Anteraja
ORD001469,CUST0779,"2024-09-10",135271,Bandung,Jawa Barat,12737,Transfer Bank,delivered,RAMADAN23,43729,JNE
ORD001472,CUST0653,"2022-01-19",772937,Denpasar,Bali,22095,GoPay,shipped,SALE2024,25063,J&T
ORD001478,CUST0017,"2024-06-19",526544,Surabaya,Jawa Timur,17187,GoPay,delivered,SALE2024,31456,SiCepat
ORD001479,CUST0459,"2024-03-16",643389,Bekasi,Jawa Barat,11491,OVO,cancelled,SALE2024,22611,Anteraja
ORD001480,CUST0800,"2024-04-09",679925,Padang,Sumatera Barat,31052,GoPay,delivered,WEEKEND25,44075,J&T
ORD001483,CUST0600,"2022-03-21",562969,Semarang,Jawa Tengah,16046,QRIS,shipped,HARBOLNAS22,15031,SiCepat
ORD001484,CUST0395,"2023-09-25",424789,Makassar,Sulawesi Selatan,30509,Transfer Bank,delivered,WEEKEND25,24211,J&T
ORD001485,CUST0696,"2022-01-19",777391,Medan,Sumatera Utara,26303,Transfer Bank,delivered,FLASHSALE,49609,JNE
ORD001491,CUST0728,"2023-05-23",232216,Malang,Jawa Timur,15912,Transfer Bank,shipped,SALE2024,15784,J&T
ORD001492,CUST0226,"2022-07-15",112728,Surabaya,Jawa Timur,17943,Transfer Bank,delivered,RAMADAN23,36272,Anteraja
ORD001496,CUST0514,"2023-09-10",2357,Pontianak,Kalimantan Barat,36018,GoPay,delivered,HARBOLNAS22,46643,J&T
ORD001498,CUST0168,"2023-08-21",1326669,Banjarmasin,Kalimantan Selatan,35253,Transfer Bank,shipped,RAMADAN23,20331,J&T
ORD001500,CUST0066,"2022-08-21",140169,Malang,Jawa Timur,16237,Kartu Kredit,delivered,FLASHSALE,38831,JNE
ORD001501,CUST0581,"2023-09-18",552413,Jakarta,DKI Jakarta,8799,OVO,delivered,MEMBER10,45587,Anteraja
ORD001504,CUST0314,"2023-08-28",798137,Surabaya,Jawa Timur,13056,Kartu Kredit,shipped,SALE2024,38863,J&T
ORD001507,CUST0643,"2022-12-29",101531,Surabaya,Jawa Timur,17016,Transfer Bank,delivered,MEMBER10,27469,SiCepat
ORD001510,CUST0400,"2024-01-28",202261,Manado,Sulawesi Utara,38948,Transfer Bank,delivered,NEWUSER,26739,JNE
ORD001512,CUST0291,"2023-06-12",1057383,Denpasar,Bali,21920,OVO,cancelled,RAMADAN23,40617,Anteraja
ORD001514,CUST0308,"2023-09-04",13612,Bandung,Jawa Barat,11322,OVO,delivered,MEMBER10,35388,Anteraja
ORD001515,CUST0296,"2023-10-29",224399,Manado,Sulawesi Utara,39244,Transfer Bank,delivered,RAMADAN23,33601,JNE
ORD001518,CUST0245,"2024-09-21",392253,Bogor,Jawa Barat,13145,QRIS,delivered,HARBOLNAS22,34747,SiCepat
ORD001519,CUST0610,"2024-04-24",531920,Depok,Jawa Barat,11535,OVO,cancelled,WEEKEND25,15080,JNE
ORD001520,CUST0792,"2023-02-12",725729,Palembang,Sumatera Selatan,23677,Transfer Bank,delivered,HARBOLNAS22,22271,JNE
ORD001521,CUST0493,"2023-10-18",379759,Padang,Sumatera Barat,32379,QRIS,shipped,MEMBER10,19241,JNE
ORD001528,CUST0634,"2024-07-14",1178512,Pekanbaru,Riau,32115,GoPay,delivered,MEMBER10,18488,SiCepat
ORD001529,CUST0399,"2023-03-13",746921,Banjarmasin,Kalimantan Selatan,38738,Transfer Bank,delivered,NEWUSER,31079,JNE
ORD001531,CUST0699,"2025-02-15",640521,Pekanbaru,Riau,26128,OVO,shipped,MEMBER10,37479,SiCepat
ORD001533,CUST0215,"2024-07-16",360318,Banjarmasin,Kalimantan Selatan,37581,QRIS,delivered,HARBOLNAS22,38682,JNE
ORD001534,CUST0001,"2022-05-25",34466,Semarang,Jawa Tengah,16672,OVO,cancelled,FLASHSALE,14534,JNE
ORD001535,CUST0725,"2025-02-13",455504,Makassar,Sulawesi Selatan,35467,Transfer Bank,delivered,HARBOLNAS22,43496,JNE
ORD001536,CUST0363,"2022-07-26",263940,Surabaya,Jawa Timur,14158,Kartu Kredit,delivered,SALE2024,35060,J&T
ORD001538,CUST0050,"2025-01-27",115447,Padang,Sumatera Barat,35098,Transfer Bank,delivered,WEEKEND25,13553,J&T
ORD001539,CUST0681,"2023-01-21",191770,Surabaya,Jawa Timur,13631,Transfer Bank,delivered,NEWUSER,37230,J&T
ORD001540,CUST0498,"2024-12-30",167320,Depok,Jawa Barat,12749,Kartu Kredit,delivered,MEMBER10,31680,Anteraja
ORD001541,CUST0633,"2024-04-09",275610,Banjarmasin,Kalimantan Selatan,29815,OVO,processing,WEEKEND25,23390,SiCepat
ORD001545,CUST0431,"2025-01-24",7675,Makassar,Sulawesi Selatan,37424,OVO,processing,FLASHSALE,41325,J&T
ORD001549,CUST0148,"2023-10-01",784094,Surabaya,Jawa Timur,12594,QRIS,delivered,RAMADAN23,42906,Anteraja
ORD001555,CUST0434,"2025-02-17",161830,Bandung,Jawa Barat,12846,GoPay,delivered,WEEKEND25,37170,SiCepat
ORD001557,CUST0120,"2024-02-08",788843,Pontianak,Kalimantan Barat,33475,GoPay,delivered,SALE2024,38157,JNE
ORD001562,CUST0005,"2023-03-06",83748,Bekasi,Jawa Barat,12385,Transfer Bank,delivered,MEMBER10,14252,JNE
ORD001564,CUST0727,"2023-12-13",1557868,Semarang,Jawa Tengah,14661,Transfer Bank,shipped,HARBOLNAS22,38132,SiCepat
ORD001565,CUST0689,"2024-10-11",156068,Medan,Sumatera Utara,31767,QRIS,shipped,SALE2024,42932,J&T
ORD001571,CUST0074,"2024-03-26",260052,Medan,Sumatera Utara,33279,Transfer Bank,delivered,HARI BELANJA,38948,JNE
ORD001572,CUST0509,"2023-10-03",1206378,Manado,Sulawesi Utara,43892,Transfer Bank,cancelled,FLASHSALE,27622,J&T
ORD001573,CUST0726,"2025-01-29",192178,Makassar,Sulawesi Selatan,39219,GoPay,cancelled,HARI BELANJA,36822,J&T
ORD001576,CUST0292,"2022-11-15",230100,Tangerang,Banten,12136,Transfer Bank,processing,HARI BELANJA,18900,SiCepat
ORD001579,CUST0356,"2023-06-16",152534,Semarang,Jawa Tengah,16824,GoPay,delivered,WEEKEND25,26466,J&T
ORD001581,CUST0547,"2022-03-11",510068,Semarang,Jawa Tengah,12774,Transfer Bank,delivered,HARBOLNAS22,46932,JNE
ORD001584,CUST0772,"2024-10-21",209599,Balikpapan,Kalimantan Timur,39902,Transfer Bank,delivered,NEWUSER,19401,J&T
ORD001595,CUST0489,"2025-02-04",325823,Depok,Jawa Barat,11532,GoPay,delivered,SALE2024,31177,SiCepat
ORD001596,CUST0143,"2024-11-27",56784,Manado,Sulawesi Utara,32795,OVO,processing,WEEKEND25,41216,J&T
ORD001603,CUST0776,"2023-12-06",511391,Bekasi,Jawa Barat,9786,OVO,cancelled,SALE2024,24609,Anteraja
ORD001604,CUST0143,"2024-12-01",627141,Depok,Jawa Barat,10519,GoPay,shipped,SALE2024,30859,JNE
ORD001607,CUST0143,"2022-03-25",299467,Medan,Sumatera Utara,31007,Transfer Bank,delivered,NEWUSER,29533,Anteraja
ORD001610,CUST0527,"2024-04-07",10616,Malang,Jawa Timur,17319,GoPay,delivered,RAMADAN23,38384,SiCepat
ORD001611,CUST0246,"2023-11-23",353649,Depok,Jawa Barat,9283,Transfer Bank,delivered,SALE2024,44351,SiCepat
ORD001612,CUST0281,"2023-06-10",431482,Pontianak,Kalimantan Barat,40290,Transfer Bank,shipped,HARBOLNAS22,43518,J&T
ORD001613,CUST0320,"2024-02-02",981191,Bekasi,Jawa Barat,12396,OVO,shipped,HARBOLNAS22,16809,SiCepat
ORD001614,CUST0453,"2023-11-11",420710,Malang,Jawa Timur,20793,OVO,delivered,HARBOLNAS22,37290,SiCepat
ORD001617,CUST0632,"2024-01-06",173666,Banjarmasin,Kalimantan Selatan,38793,Transfer Bank,delivered,FLASHSALE,25334,Anteraja
ORD001621,CUST0336,"2024-08-24",25055,Jakarta,DKI Jakarta,10918,Transfer Bank,shipped,SALE2024,33945,SiCepat
ORD001624,CUST0261,"2024-05-18",105501,Banjarmasin,Kalimantan Selatan,32027,Kartu Kredit,delivered,MEMBER10,43499,JNE
ORD001625,CUST0508,"2024-06-19",520065,Manado,Sulawesi Utara,37160,Transfer Bank,delivered,MEMBER10,28935,JNE
ORD001627,CUST0705,"2023-09-13",763196,Semarang,Jawa Tengah,15987,Kartu Kredit,delivered,WEEKEND25,13804,SiCepat
ORD001633,CUST0573,"2024-04-10",75782,Bogor,Jawa Barat,10247,Transfer Bank,delivered,HARI BELANJA,23218,SiCepat
ORD001638,CUST0316,"2024-02-02",577527,Depok,Jawa Barat,11718,GoPay,delivered,HARI BELANJA,20473,SiCepat
ORD001639,CUST0563,"2024-09-05",471502,Manado,Sulawesi Utara,33927,Transfer Bank,delivered,RAMADAN23,36498,J&T
ORD001640,CUST0027,"2024-05-04",154943,Pontianak,Kalimantan Barat,33696,OVO,delivered,MEMBER10,24057,J&T
ORD001646,CUST0250,"2025-02-03",595218,Bekasi,Jawa Barat,10536,QRIS,shipped,FLASHSALE,22782,JNE
ORD001647,CUST0732,"2023-11-04",339076,Bekasi,Jawa Barat,10838,OVO,delivered,MEMBER10,17924,Pos Indonesia
ORD001659,CUST0326,"2024-10-05",215196,Palembang,Sumatera Selatan,27138,GoPay,delivered,HARI BELANJA,33804,SiCepat
ORD001665,CUST0616,"2023-12-01",724724,Banjarmasin,Kalimantan Selatan,28296,GoPay,delivered,HARBOLNAS22,32276,J&T
ORD001667,CUST0606,"2024-11-06",258809,Palembang,Sumatera Selatan,23122,Transfer Bank,shipped,MEMBER10,38191,J&T
ORD001669,CUST0274,"2024-09-26",321980,Manado,Sulawesi Utara,43308,OVO,delivered,RAMADAN23,27020,SiCepat
ORD001671,CUST0647,"2022-01-10",588552,Pontianak,Kalimantan Barat,33658,Kartu Kredit,delivered,WEEKEND25,19448,Anteraja
ORD001672,CUST0742,"2024-10-29",929743,Bandung,Jawa Barat,11066,Kartu Kredit,processing,NEWUSER,47257,JNE
ORD001673,CUST0373,"2024-06-16",555048,Semarang,Jawa Tengah,16457,GoPay,delivered,HARBOLNAS22,43952,JNE
ORD001676,CUST0482,"2023-05-04",312320,Bandung,Jawa Barat,14975,OVO,returned,SALE2024,43680,Pos Indonesia
ORD001677,CUST0019,"2022-08-16",453005,Malang,Jawa Timur,21972,Transfer Bank,delivered,FLASHSALE,23995,JNE
ORD001679,CUST0480,"2024-11-02",363623,Bogor,Jawa Barat,13984,QRIS,delivered,NEWUSER,43377,J&T
ORD001682,CUST0505,"2023-03-15",42460,Pontianak,Kalimantan Barat,33932,GoPay,delivered,RAMADAN23,16540,JNE
ORD001683,CUST0289,"2024-07-02",329299,Tangerang,Banten,12100,Transfer Bank,delivered,HARBOLNAS22,28701,SiCepat
ORD001684,CUST0474,"2023-12-21",188351,Banjarmasin,Kalimantan Selatan,37631,Kartu Kredit,delivered,NEWUSER,48649,SiCepat
ORD001693,CUST0657,"2023-12-23",311466,Padang,Sumatera Barat,30456,GoPay,shipped,FLASHSALE,17534,JNE
ORD001697,CUST0643,"2023-09-01",307401,Bogor,Jawa Barat,10699,QRIS,returned,WEEKEND25,49599,J&T
ORD001698,CUST0782,"2023-11-09",873712,Denpasar,Bali,21476,GoPay,processing,HARBOLNAS22,24288,JNE
ORD001699,CUST0158,"2023-04-13",107900,Manado,Sulawesi Utara,38090,OVO,cancelled,HARBOLNAS22,41100,J&T
ORD001705,CUST0488,"2024-11-21",803130,Bogor,Jawa Barat,13404,GoPay,delivered,MEMBER10,43870,Anteraja
ORD001710,CUST0345,"2024-03-05",581156,Denpasar,Bali,26039,GoPay,delivered,SALE2024,45844,J&T
ORD001714,CUST0324,"2023-05-27",207118,Tangerang,Banten,9209,OVO,delivered,WEEKEND25,41882,JNE
ORD001719,CUST0657,"2024-03-20",828225,Padang,Sumatera Barat,29822,QRIS,delivered,RAMADAN23,38775,JNE
ORD001722,CUST0400,"2022-07-08",355735,Bekasi,Jawa Barat,10483,GoPay,delivered,NEWUSER,43265,J&T
ORD001724,CUST0227,"2022-03-27",314111,Pekanbaru,Riau,32473,Kartu Kredit,cancelled,NEWUSER,34889,J&T
ORD001726,CUST0481,"2022-03-07",446048,Palembang,Sumatera Selatan,26046,QRIS,cancelled,FLASHSALE,40952,SiCepat
ORD001730,CUST0616,"2023-10-29",492716,Jakarta,DKI Jakarta,10810,Transfer Bank,cancelled,MEMBER10,35284,SiCepat
ORD001734,CUST0380,"2022-08-24",153956,Malang,Jawa Timur,14196,GoPay,processing,SALE2024,45044,Anteraja
ORD001736,CUST0160,"2022-12-19",698348,Pontianak,Kalimantan Barat,29383,Transfer Bank,delivered,WEEKEND25,46652,JNE
ORD001737,CUST0268,"2024-09-07",413661,Bogor,Jawa Barat,14226,QRIS,delivered,HARI BELANJA,34339,JNE
ORD001739,CUST0301,"2022-06-23",164421,Balikpapan,Kalimantan Timur,40665,OVO,delivered,MEMBER10,33579,JNE
ORD001742,CUST0448,"2022-11-10",60473,Pekanbaru,Riau,26513,GoPay,shipped,SALE2024,18527,JNE
ORD001744,CUST0666,"2024-01-30",214578,Jakarta,DKI Jakarta,11229,OVO,delivered,FLASHSALE,43422,JNE
ORD001749,CUST0575,"2022-01-08",262206,Balikpapan,Kalimantan Timur,34817,GoPay,delivered,MEMBER10,36794,JNE
ORD001750,CUST0395,"2025-02-15",10727,Makassar,Sulawesi Selatan,32536,Kartu Kredit,delivered,SALE2024,48273,JNE
ORD001751,CUST0364,"2025-02-16",135492,Padang,Sumatera Barat,24608,OVO,shipped,FLASHSALE,42508,SiCepat
ORD001752,CUST0097,"2025-01-29",650754,Makassar,Sulawesi Selatan,36269,QRIS,processing,RAMADAN23,34246,JNE
ORD001756,CUST0319,"2023-05-01",259604,Bandung,Jawa Barat,13566,OVO,delivered,NEWUSER,19396,JNE
ORD001757,CUST0441,"2024-02-07",259736,Manado,Sulawesi Utara,34013,Kartu Kredit,delivered,FLASHSALE,19264,JNE
ORD001758,CUST0493,"2023-06-13",244531,Banjarmasin,Kalimantan Selatan,38463,Transfer Bank,cancelled,NEWUSER,23469,SiCepat
ORD001762,CUST0207,"2023-06-21",660299,Yogyakarta,DI Yogyakarta,19793,OVO,cancelled,WEEKEND25,37701,J&T
ORD001763,CUST0450,"2024-04-25",404410,Bandung,Jawa Barat,11567,Transfer Bank,delivered,HARBOLNAS22,23590,SiCepat
ORD001769,CUST0346,"2022-07-05",622813,Medan,Sumatera Utara,33673,Transfer Bank,delivered,HARI BELANJA,33187,Anteraja
ORD001771,CUST0168,"2022-01-15",573634,Pekanbaru,Riau,25210,Transfer Bank,shipped,HARBOLNAS22,32366,J&T
ORD001772,CUST0757,"2024-03-13",304697,Pontianak,Kalimantan Barat,35903,Transfer Bank,delivered,HARI BELANJA,44303,SiCepat
ORD001777,CUST0375,"2024-05-27",628510,Balikpapan,Kalimantan Timur,33997,GoPay,delivered,HARI BELANJA,19490,JNE
ORD001780,CUST0171,"2025-02-02",145529,Pekanbaru,Riau,25392,Transfer Bank,delivered,SALE2024,22471,JNE
ORD001781,CUST0108,"2022-08-03",316809,Yogyakarta,DI Yogyakarta,13991,OVO,delivered,RAMADAN23,49191,J&T
ORD001784,CUST0761,"2023-03-10",456339,Yogyakarta,DI Yogyakarta,14583,GoPay,delivered,RAMADAN23,42661,J&T
ORD001791,CUST0535,"2024-11-03",98213,Banjarmasin,Kalimantan Selatan,28485,QRIS,returned,RAMADAN23,30787,J&T
ORD001792,CUST0298,"2024-07-24",368146,Pontianak,Kalimantan Barat,35171,OVO,returned,SALE2024,29854,Anteraja
ORD001795,CUST0101,"2024-06-20",273690,Semarang,Jawa Tengah,14286,QRIS,delivered,NEWUSER,25310,J&T
ORD001796,CUST0101,"2025-02-19",64336,Semarang,Jawa Tengah,12078,GoPay,processing,RAMADAN23,24664,SiCepat
ORD001797,CUST0658,"2024-11-14",883493,Banjarmasin,Kalimantan Selatan,40939,Transfer Bank,delivered,WEEKEND25,13507,SiCepat
ORD001802,CUST0673,"2025-01-20",539125,Makassar,Sulawesi Selatan,39347,Transfer Bank,delivered,SALE2024,28875,JNE
ORD001805,CUST0618,"2022-09-05",4981,Manado,Sulawesi Utara,34624,Transfer Bank,returned,NEWUSER,44019,JNE
ORD001808,CUST0493,"2023-06-21",512175,Padang,Sumatera Barat,25073,OVO,shipped,FLASHSALE,24825,JNE
ORD001813,CUST0486,"2022-12-19",1347197,Yogyakarta,DI Yogyakarta,17790,Kartu Kredit,delivered,RAMADAN23,37803,J&T
ORD001814,CUST0759,"2024-03-13",3385,Malang,Jawa Timur,18225,Transfer Bank,returned,HARI BELANJA,45615,J&T
ORD001815,CUST0309,"2023-10-18",1079326,Denpasar,Bali,24036,GoPay,delivered,MEMBER10,47674,SiCepat
ORD001818,CUST0184,"2024-12-08",184220,Medan,Sumatera Utara,30275,Transfer Bank,cancelled,FLASHSALE,43780,SiCepat
ORD001820,CUST0506,"2022-11-23",744325,Pekanbaru,Riau,25816,Transfer Bank,delivered,NEWUSER,11675,Pos Indonesia
ORD001827,CUST0682,"2023-08-26",940860,Jakarta,DKI Jakarta,10310,Kartu Kredit,delivered,MEMBER10,15140,SiCepat
ORD001828,CUST0311,"2024-06-24",942549,Semarang,Jawa Tengah,12427,GoPay,delivered,MEMBER10,12451,J&T
ORD001829,CUST0024,"2023-07-09",749518,Denpasar,Bali,30211,GoPay,delivered,SALE2024,28482,JNE
ORD001831,CUST0110,"2024-07-12",560218,Bogor,Jawa Barat,13054,Transfer Bank,shipped,HARBOLNAS22,38782,J&T
ORD001833,CUST0161,"2024-02-19",50091,Depok,Jawa Barat,12865,Transfer Bank,delivered,WEEKEND25,48909,Pos Indonesia
ORD001836,CUST0095,"2024-05-30",510624,Banjarmasin,Kalimantan Selatan,37424,QRIS,delivered,WEEKEND25,25376,JNE
ORD001840,CUST0130,"2023-11-21",1127422,Manado,Sulawesi Utara,33855,GoPay,cancelled,FLASHSALE,38578,J&T
ORD001841,CUST0752,"2024-12-19",755491,Palembang,Sumatera Selatan,28810,GoPay,shipped,FLASHSALE,39509,Anteraja
ORD001842,CUST0480,"2025-01-05",752814,Jakarta,DKI Jakarta,10855,Transfer Bank,delivered,WEEKEND25,24186,JNE
ORD001844,CUST0189,"2022-06-01",713740,Bekasi,Jawa Barat,10767,Kartu Kredit,shipped,FLASHSALE,43260,JNE
ORD001851,CUST0093,"2024-11-19",103454,Bandung,Jawa Barat,10965,Transfer Bank,shipped,RAMADAN23,45546,J&T
ORD001852,CUST0160,"2024-10-29",452111,Pontianak,Kalimantan Barat,35121,QRIS,delivered,NEWUSER,46889,JNE
ORD001854,CUST0764,"2024-05-29",138363,Pontianak,Kalimantan Barat,36206,Transfer Bank,delivered,NEWUSER,10637,SiCepat
ORD001859,CUST0498,"2023-11-17",22659,Depok,Jawa Barat,9149,Transfer Bank,delivered,MEMBER10,26341,SiCepat
ORD001860,CUST0705,"2023-01-30",164750,Semarang,Jawa Tengah,14985,GoPay,cancelled,NEWUSER,34250,JNE
ORD001861,CUST0215,"2025-01-01",928963,Bekasi,Jawa Barat,13187,GoPay,delivered,HARI BELANJA,28037,SiCepat
ORD001865,CUST0321,"2024-05-08",19154,Makassar,Sulawesi Selatan,41827,Transfer Bank,delivered,HARBOLNAS22,29846,J&T
ORD001867,CUST0281,"2024-08-16",929739,Pontianak,Kalimantan Barat,34834,Transfer Bank,delivered,MEMBER10,36261,Anteraja
ORD001869,CUST0164,"2023-08-04",467353,Bandung,Jawa Barat,12458,OVO,processing,HARI BELANJA,31647,JNE
ORD001871,CUST0640,"2025-02-25",473102,Denpasar,Bali,26625,GoPay,shipped,RAMADAN23,24898,J&T
ORD001872,CUST0449,"2024-11-14",219680,Yogyakarta,DI Yogyakarta,16364,GoPay,cancelled,RAMADAN23,29320,Anteraja
ORD001873,CUST0154,"2024-01-15",98897,Balikpapan,Kalimantan Timur,31287,GoPay,delivered,HARI BELANJA,20103,J&T
ORD001874,CUST0688,"2025-02-13",110661,Malang,Jawa Timur,14858,OVO,delivered,HARI BELANJA,38339,JNE
ORD001879,CUST0606,"2024-09-28",538046,Bandung,Jawa Barat,10742,Transfer Bank,processing,RAMADAN23,10954,J&T
ORD001880,CUST0573,"2024-03-12",19006,Bogor,Jawa Barat,10315,Kartu Kredit,processing,NEWUSER,39994,Anteraja
ORD001882,CUST0424,"2023-10-13",255352,Tangerang,Banten,13437,Kartu Kredit,cancelled,WEEKEND25,43648,SiCepat
ORD001884,CUST0475,"2024-11-28",1301216,Palembang,Sumatera Selatan,23587,Kartu Kredit,delivered,MEMBER10,25784,JNE
ORD001887,CUST0060,"2023-01-05",1165987,Pekanbaru,Riau,30679,OVO,delivered,HARBOLNAS22,31013,J&T
ORD001888,CUST0646,"2024-02-20",477207,Malang,Jawa Timur,21789,GoPay,delivered,MEMBER10,21793,JNE
ORD001891,CUST0780,"2025-02-01",215482,Medan,Sumatera Utara,27000,Transfer Bank,cancelled,HARBOLNAS22,33518,SiCepat
ORD001892,CUST0767,"2022-05-04",1435014,Palembang,Sumatera Selatan,33684,QRIS,delivered,SALE2024,40986,JNE
ORD001893,CUST0417,"2024-03-26",323776,Medan,Sumatera Utara,34203,OVO,cancelled,SALE2024,34224,JNE
ORD001895,CUST0127,"2023-04-20",375569,Pontianak,Kalimantan Barat,29418,Transfer Bank,delivered,MEMBER10,22431,Pos Indonesia
ORD001901,CUST0476,"2023-12-17",425812,Jakarta,DKI Jakarta,11900,GoPay,delivered,SALE2024,23188,JNE
ORD001904,CUST0179,"2024-11-03",1691786,Balikpapan,Kalimantan Timur,39404,GoPay,delivered,SALE2024,34214,SiCepat
ORD001912,CUST0740,"2023-04-27",118081,Denpasar,Bali,28923,Transfer Bank,delivered,MEMBER10,10919,SiCepat
ORD001916,CUST0267,"2022-09-06",869265,Bekasi,Jawa Barat,10911,OVO,shipped,MEMBER10,37735,J&T
ORD001917,CUST0665,"2024-07-06",55843,Surabaya,Jawa Timur,15528,QRIS,delivered,MEMBER10,23157,J&T
ORD001923,CUST0410,"2024-02-02",1254529,Semarang,Jawa Tengah,12484,OVO,shipped,HARBOLNAS22,11471,J&T
ORD001926,CUST0361,"2023-09-18",192031,Pekanbaru,Riau,27625,GoPay,shipped,SALE2024,24969,J&T
ORD001927,CUST0051,"2024-02-13",597128,Denpasar,Bali,31936,Transfer Bank,cancelled,SALE2024,48872,JNE
ORD001928,CUST0720,"2023-11-15",870047,Palembang,Sumatera Selatan,30173,OVO,shipped,WEEKEND25,27953,Anteraja
ORD001930,CUST0453,"2024-05-06",45844,Malang,Jawa Timur,15352,OVO,delivered,FLASHSALE,43156,J&T
ORD001934,CUST0672,"2025-02-20",47041,Malang,Jawa Timur,17871,Transfer Bank,shipped,RAMADAN23,21959,SiCepat
ORD001938,CUST0761,"2024-04-15",1427456,Yogyakarta,DI Yogyakarta,17236,GoPay,shipped,MEMBER10,27544,JNE
ORD001941,CUST0102,"2023-06-24",532834,Makassar,Sulawesi Selatan,33355,Transfer Bank,shipped,WEEKEND25,14166,J&T
ORD001948,CUST0007,"2025-01-25",485148,Medan,Sumatera Utara,35892,Transfer Bank,delivered,HARI BELANJA,13852,Anteraja
ORD001950,CUST0281,"2023-12-12",657904,Pontianak,Kalimantan Barat,29264,OVO,processing,MEMBER10,10096,SiCepat
ORD001959,CUST0577,"2024-09-05",1080643,Tangerang,Banten,10775,GoPay,shipped,SALE2024,25357,Pos Indonesia
ORD001962,CUST0301,"2024-07-10",312065,Medan,Sumatera Utara,35497,Transfer Bank,delivered,NEWUSER,16935,SiCepat
ORD001964,CUST0391,"2024-01-01",117465,Pontianak,Kalimantan Barat,35210,OVO,delivered,RAMADAN23,31535,SiCepat
ORD001966,CUST0437,"2025-01-21",1036306,Pekanbaru,Riau,30562,Transfer Bank,returned,MEMBER10,20694,JNE
ORD001976,CUST0565,"2022-04-29",105019,Banjarmasin,Kalimantan Selatan,28311,Transfer Bank,shipped,MEMBER10,43981,Anteraja
ORD001979,CUST0693,"2022-03-25",109559,Manado,Sulawesi Utara,43579,OVO,returned,SALE2024,39441,Pos Indonesia
ORD001984,CUST0673,"2023-05-25",225093,Makassar,Sulawesi Selatan,34200,OVO,processing,WEEKEND25,12907,JNE
ORD001987,CUST0650,"2022-07-20",254959,Yogyakarta,DI Yogyakarta,18328,Kartu Kredit,cancelled,SALE2024,24041,J&T
ORD001993,CUST0068,"2024-12-16",58739,Makassar,Sulawesi Selatan,32721,OVO,shipped,HARI BELANJA,30261,SiCepat
ORD001994,CUST0397,"2022-01-05",1053536,Balikpapan,Kalimantan Timur,31751,Transfer Bank,delivered,FLASHSALE,44464,JNE
ORD001997,CUST0160,"2023-11-01",1191562,Pontianak,Kalimantan Barat,38854,GoPay,delivered,MEMBER10,35438,JNE
ORD002001,CUST0454,"2023-10-27",632236,Makassar,Sulawesi Selatan,34807,QRIS,delivered,WEEKEND25,24764,JNE
ORD002004,CUST0231,"2024-11-29",399823,Tangerang,Banten,13185,OVO,shipped,RAMADAN23,49177,Pos Indonesia
ORD002005,CUST0022,"2022-03-01",965125,Surabaya,Jawa Timur,14851,Transfer Bank,delivered,HARI BELANJA,32875,Anteraja
ORD002006,CUST0034,"2023-06-04",128548,Manado,Sulawesi Utara,34646,GoPay,cancelled,WEEKEND25,20452,J&T
ORD002009,CUST0233,"2023-07-25",1321189,Manado,Sulawesi Utara,36137,Transfer Bank,delivered,MEMBER10,33811,Pos Indonesia
ORD002011,CUST0139,"2024-12-05",589691,Bekasi,Jawa Barat,10664,GoPay,delivered,RAMADAN23,27309,Pos Indonesia
ORD002012,CUST0727,"2023-05-15",297005,Semarang,Jawa Tengah,13622,GoPay,delivered,SALE2024,31995,JNE
ORD002013,CUST0331,"2025-01-22",1339695,Depok,Jawa Barat,10541,Transfer Bank,delivered,HARBOLNAS22,16305,J&T
ORD002017,CUST0569,"2023-06-02",217977,Pekanbaru,Riau,23273,OVO,returned,HARI BELANJA,11023,Anteraja
ORD002018,CUST0595,"2024-03-17",274833,Surabaya,Jawa Timur,12067,Transfer Bank,delivered,NEWUSER,22167,J&T
ORD002025,CUST0042,"2023-07-25",278150,Bogor,Jawa Barat,10894,QRIS,delivered,NEWUSER,19850,SiCepat
ORD002028,CUST0539,"2025-01-10",70195,Balikpapan,Kalimantan Timur,35643,Kartu Kredit,delivered,RAMADAN23,28805,JNE
ORD002029,CUST0473,"2023-03-01",416129,Banjarmasin,Kalimantan Selatan,32183,GoPay,delivered,FLASHSALE,32871,SiCepat
ORD002030,CUST0428,"2024-08-29",58096,Semarang,Jawa Tengah,12526,OVO,processing,HARBOLNAS22,10904,J&T
ORD002032,CUST0444,"2022-09-02",1077674,Denpasar,Bali,21122,GoPay,shipped,SALE2024,38326,SiCepat
ORD002034,CUST0137,"2024-10-24",635882,Surabaya,Jawa Timur,12056,GoPay,delivered,MEMBER10,42118,JNE
ORD002036,CUST0135,"2024-03-21",386761,Makassar,Sulawesi Selatan,41396,Kartu Kredit,delivered,NEWUSER,12239,JNE
ORD002041,CUST0179,"2022-03-21",186344,Medan,Sumatera Utara,33383,GoPay,cancelled,WEEKEND25,42656,JNE
ORD002043,CUST0262,"2023-02-28",83314,Medan,Sumatera Utara,34205,Transfer Bank,delivered,HARI BELANJA,45686,JNE
ORD002044,CUST0663,"2025-02-23",360285,Balikpapan,Kalimantan Timur,33626,Kartu Kredit,delivered,NEWUSER,36715,J&T
ORD002046,CUST0488,"2024-06-14",548064,Bogor,Jawa Barat,14154,Transfer Bank,delivered,SALE2024,49936,J&T
ORD002051,CUST0016,"2024-02-20",86885,Padang,Sumatera Barat,24050,Kartu Kredit,processing,MEMBER10,12115,SiCepat
ORD002055,CUST0691,"2024-11-11",40343,Jakarta,DKI Jakarta,8324,GoPay,delivered,HARI BELANJA,48657,SiCepat
ORD002056,CUST0094,"2024-05-07",518416,Pekanbaru,Riau,33312,Kartu Kredit,processing,NEWUSER,27584,Anteraja
ORD002057,CUST0794,"2025-02-01",453170,Pekanbaru,Riau,25857,Kartu Kredit,delivered,HARBOLNAS22,45830,SiCepat
ORD002058,CUST0722,"2024-12-27",518959,Jakarta,DKI Jakarta,10104,GoPay,delivered,NEWUSER,30041,J&T
ORD002059,CUST0540,"2023-06-04",986557,Bekasi,Jawa Barat,12197,Transfer Bank,delivered,NEWUSER,11443,JNE
ORD002066,CUST0617,"2024-09-25",100303,Padang,Sumatera Barat,30944,Transfer Bank,cancelled,HARBOLNAS22,28697,Pos Indonesia
ORD002067,CUST0625,"2022-05-26",164823,Jakarta,DKI Jakarta,9910,Transfer Bank,delivered,WEEKEND25,14177,J&T
ORD002068,CUST0063,"2024-05-15",932033,Yogyakarta,DI Yogyakarta,17502,GoPay,cancelled,HARBOLNAS22,24967,J&T
ORD002069,CUST0322,"2023-10-20",435458,Banjarmasin,Kalimantan Selatan,39075,QRIS,delivered,RAMADAN23,22542,SiCepat
ORD002070,CUST0590,"2024-10-07",102955,Pontianak,Kalimantan Barat,38287,Transfer Bank,delivered,WEEKEND25,26045,Pos Indonesia
ORD002073,CUST0432,"2023-10-09",152177,Depok,Jawa Barat,12000,Kartu Kredit,delivered,NEWUSER,26823,J&T
ORD002076,CUST0330,"2022-11-12",779282,Semarang,Jawa Tengah,15492,OVO,delivered,FLASHSALE,18718,JNE
ORD002080,CUST0733,"2024-01-24",404110,Makassar,Sulawesi Selatan,31070,Transfer Bank,delivered,SALE2024,23890,J&T
ORD002082,CUST0422,"2023-03-14",365115,Makassar,Sulawesi Selatan,41057,Transfer Bank,cancelled,NEWUSER,31885,Anteraja
ORD002085,CUST0280,"2024-09-28",101343,Depok,Jawa Barat,9151,GoPay,cancelled,FLASHSALE,27657,Anteraja
ORD002088,CUST0131,"2024-12-11",640287,Bekasi,Jawa Barat,9138,Transfer Bank,returned,HARI BELANJA,46713,SiCepat
ORD002089,CUST0509,"2023-06-22",266320,Manado,Sulawesi Utara,32441,Kartu Kredit,delivered,HARBOLNAS22,31680,JNE
ORD002091,CUST0751,"2025-01-27",309842,Palembang,Sumatera Selatan,31736,Transfer Bank,delivered,FLASHSALE,39158,JNE
ORD002095,CUST0033,"2024-01-16",665543,Balikpapan,Kalimantan Timur,40862,QRIS,delivered,MEMBER10,41457,J&T
ORD002096,CUST0507,"2023-03-02",113711,Padang,Sumatera Barat,34307,Kartu Kredit,processing,HARI BELANJA,15289,SiCepat
ORD002099,CUST0355,"2023-06-14",176304,Medan,Sumatera Utara,36485,OVO,delivered,NEWUSER,21696,JNE
ORD002100,CUST0093,"2023-10-30",67414,Bandung,Jawa Barat,14032,Transfer Bank,processing,WEEKEND25,11586,J&T
ORD002102,CUST0040,"2023-07-02",407453,Malang,Jawa Timur,21859,OVO,delivered,HARI BELANJA,20547,J&T
ORD002103,CUST0623,"2022-11-09",866305,Manado,Sulawesi Utara,40733,OVO,shipped,WEEKEND25,31695,SiCepat
ORD002104,CUST0553,"2024-08-25",355940,Malang,Jawa Timur,18854,Transfer Bank,delivered,MEMBER10,42060,SiCepat
ORD002108,CUST0542,"2022-02-04",599735,Semarang,Jawa Tengah,13155,Kartu Kredit,shipped,NEWUSER,26265,JNE
ORD002109,CUST0030,"2024-01-26",452927,Denpasar,Bali,29066,QRIS,processing,SALE2024,34073,SiCepat
ORD002110,CUST0515,"2022-05-23",677255,Surabaya,Jawa Timur,15258,QRIS,shipped,RAMADAN23,39745,SiCepat
ORD002111,CUST0426,"2025-01-30",402996,Makassar,Sulawesi Selatan,31396,GoPay,cancelled,WEEKEND25,45004,J&T
ORD002116,CUST0155,"2023-10-14",1258531,Pekanbaru,Riau,23498,GoPay,returned,HARBOLNAS22,38469,SiCepat
ORD002117,CUST0190,"2024-09-03",641792,Surabaya,Jawa Timur,17698,OVO,delivered,RAMADAN23,44208,SiCepat
ORD002118,CUST0221,"2023-04-09",974500,Semarang,Jawa Tengah,15337,Transfer Bank,delivered,HARI BELANJA,19500,JNE
ORD002119,CUST0302,"2025-02-04",308822,Manado,Sulawesi Utara,39598,GoPay,delivered,NEWUSER,19178,J&T
ORD002120,CUST0401,"2024-12-10",1112252,Denpasar,Bali,20396,OVO,cancelled,SALE2024,34748,JNE
ORD002123,CUST0340,"2025-01-14",409229,Malang,Jawa Timur,14545,GoPay,delivered,MEMBER10,39771,JNE
ORD002129,CUST0691,"2022-08-16",128292,Jakarta,DKI Jakarta,11631,GoPay,delivered,HARBOLNAS22,48708,JNE
ORD002130,CUST0099,"2024-05-09",292632,Depok,Jawa Barat,11067,Transfer Bank,delivered,HARBOLNAS22,36368,SiCepat
ORD002132,CUST0327,"2024-03-17",465076,Denpasar,Bali,22762,Transfer Bank,cancelled,HARBOLNAS22,33924,J&T
ORD002133,CUST0594,"2024-11-28",553208,Malang,Jawa Timur,18306,Kartu Kredit,delivered,SALE2024,45792,JNE
ORD002137,CUST0419,"2023-09-25",264526,Malang,Jawa Timur,18782,Transfer Bank,cancelled,RAMADAN23,13474,JNE
ORD002142,CUST0496,"2023-05-02",1428468,Manado,Sulawesi Utara,34855,GoPay,delivered,HARBOLNAS22,46532,SiCepat
ORD002144,CUST0132,"2023-12-25",100631,Depok,Jawa Barat,12454,GoPay,shipped,RAMADAN23,18369,J&T
ORD002151,CUST0332,"2025-02-01",311689,Palembang,Sumatera Selatan,28982,Kartu Kredit,delivered,HARI BELANJA,17311,Pos Indonesia
ORD002152,CUST0230,"2022-01-06",355661,Banjarmasin,Kalimantan Selatan,32279,GoPay,delivered,MEMBER10,43339,SiCepat
ORD002155,CUST0106,"2024-04-29",716699,Makassar,Sulawesi Selatan,34731,Transfer Bank,shipped,HARI BELANJA,29301,J&T
ORD002157,CUST0789,"2023-05-20",953499,Palembang,Sumatera Selatan,32418,GoPay,delivered,RAMADAN23,44501,SiCepat
ORD002158,CUST0682,"2023-08-13",159704,Bandung,Jawa Barat,12591,GoPay,delivered,RAMADAN23,39296,JNE
ORD002161,CUST0426,"2024-04-02",550852,Makassar,Sulawesi Selatan,33961,GoPay,delivered,NEWUSER,27148,SiCepat
ORD002162,CUST0336,"2024-03-07",62886,Jakarta,DKI Jakarta,9514,OVO,delivered,RAMADAN23,35114,SiCepat
ORD002163,CUST0184,"2024-08-09",787548,Medan,Sumatera Utara,30454,Transfer Bank,processing,RAMADAN23,40452,J&T
ORD002164,CUST0263,"2024-01-05",383365,Palembang,Sumatera Selatan,23216,Transfer Bank,delivered,WEEKEND25,23635,SiCepat
ORD002165,CUST0252,"2024-07-09",573997,Balikpapan,Kalimantan Timur,36610,OVO,delivered,NEWUSER,33003,J&T
ORD002168,CUST0047,"2024-02-04",594657,Pontianak,Kalimantan Barat,28278,Transfer Bank,delivered,HARI BELANJA,12343,J&T
ORD002169,CUST0771,"2023-09-26",651049,Palembang,Sumatera Selatan,25587,GoPay,returned,NEWUSER,46951,J&T
ORD002174,CUST0440,"2024-08-27",1440114,Palembang,Sumatera Selatan,28255,Kartu Kredit,delivered,SALE2024,45886,JNE
ORD002176,CUST0306,"2022-05-24",459667,Tangerang,Banten,10399,Transfer Bank,delivered,SALE2024,39333,JNE
ORD002177,CUST0540,"2025-01-18",1077406,Bekasi,Jawa Barat,10319,Transfer Bank,delivered,SALE2024,49594,JNE
ORD002178,CUST0331,"2025-01-21",257961,Bogor,Jawa Barat,11505,OVO,cancelled,HARI BELANJA,40039,SiCepat
ORD002185,CUST0581,"2023-12-08",295587,Tangerang,Banten,9283,Transfer Bank,cancelled,NEWUSER,32413,SiCepat
ORD002190,CUST0677,"2022-03-11",498640,Tangerang,Banten,11164,Kartu Kredit,delivered,RAMADAN23,19360,JNE
ORD002192,CUST0175,"2024-06-25",996446,Palembang,Sumatera Selatan,33716,Transfer Bank,delivered,NEWUSER,29554,JNE
ORD002195,CUST0289,"2023-08-02",550466,Tangerang,Banten,12123,Transfer Bank,delivered,HARBOLNAS22,14534,J&T
ORD002203,CUST0037,"2023-08-29",221035,Depok,Jawa Barat,10192,Transfer Bank,delivered,HARBOLNAS22,45965,SiCepat
ORD002206,CUST0700,"2024-03-27",715018,Banjarmasin,Kalimantan Selatan,38229,GoPay,shipped,RAMADAN23,31982,Pos Indonesia
ORD002208,CUST0546,"2025-02-21",515274,Palembang,Sumatera Selatan,28450,Kartu Kredit,cancelled,HARI BELANJA,19726,J&T
ORD002209,CUST0278,"2023-12-14",372522,Balikpapan,Kalimantan Timur,38154,OVO,delivered,SALE2024,26478,J&T
ORD002210,CUST0056,"2024-04-21",129671,Denpasar,Bali,31728,OVO,cancelled,NEWUSER,38329,JNE
ORD002212,CUST0411,"2022-11-18",1561371,Bogor,Jawa Barat,14804,GoPay,delivered,HARI BELANJA,35629,JNE
ORD002214,CUST0506,"2023-12-11",663966,Pekanbaru,Riau,30620,OVO,shipped,HARBOLNAS22,33034,J&T
ORD002215,CUST0380,"2024-05-10",588158,Malang,Jawa Timur,18792,OVO,delivered,FLASHSALE,10842,JNE
ORD002217,CUST0535,"2023-01-08",699711,Banjarmasin,Kalimantan Selatan,29534,GoPay,delivered,HARBOLNAS22,28289,SiCepat
ORD002218,CUST0193,"2024-06-21",378777,Medan,Sumatera Utara,30446,Kartu Kredit,delivered,NEWUSER,48223,Anteraja
ORD002219,CUST0061,"2023-08-10",367325,Bekasi,Jawa Barat,12621,Kartu Kredit,cancelled,RAMADAN23,30675,J&T
ORD002221,CUST0733,"2022-08-18",358199,Makassar,Sulawesi Selatan,30034,Transfer Bank,delivered,HARBOLNAS22,47801,JNE
ORD002223,CUST0288,"2023-10-10",1272778,Balikpapan,Kalimantan Timur,41568,Kartu Kredit,delivered,RAMADAN23,11222,JNE
ORD002224,CUST0349,"2023-11-26",953240,Surabaya,Jawa Timur,13387,OVO,delivered,RAMADAN23,44760,SiCepat
ORD002225,CUST0602,"2023-09-17",706451,Denpasar,Bali,30236,OVO,delivered,HARBOLNAS22,21549,JNE
ORD002230,CUST0091,"2022-07-28",210210,Makassar,Sulawesi Selatan,44509,OVO,delivered,SALE2024,47790,JNE
ORD002232,CUST0199,"2024-04-24",217325,Semarang,Jawa Tengah,15195,OVO,delivered,WEEKEND25,31675,JNE
ORD002234,CUST0723,"2024-08-17",637274,Medan,Sumatera Utara,25374,Transfer Bank,delivered,SALE2024,49726,SiCepat
ORD002238,CUST0393,"2024-11-08",212896,Depok,Jawa Barat,12705,Transfer Bank,returned,FLASHSALE,16104,JNE
ORD002240,CUST0077,"2023-03-23",215717,Medan,Sumatera Utara,30925,OVO,delivered,RAMADAN23,42283,JNE
ORD002242,CUST0694,"2023-10-21",374293,Makassar,Sulawesi Selatan,37309,GoPay,shipped,SALE2024,24707,Pos Indonesia
ORD002245,CUST0599,"2024-09-25",131096,Manado,Sulawesi Utara,36043,OVO,delivered,HARBOLNAS22,47904,J&T
ORD002249,CUST0288,"2022-10-29",176591,Denpasar,Bali,28775,Kartu Kredit,delivered,MEMBER10,21409,J&T
ORD002258,CUST0684,"2024-02-07",252392,Pontianak,Kalimantan Barat,41890,GoPay,cancelled,HARBOLNAS22,24608,J&T
ORD002260,CUST0462,"2023-10-03",842772,Depok,Jawa Barat,13823,OVO,delivered,SALE2024,34228,J&T
ORD002263,CUST0199,"2024-07-28",1930996,Semarang,Jawa Tengah,13580,OVO,shipped,SALE2024,15004,J&T
ORD002264,CUST0092,"2024-03-09",256060,Bandung,Jawa Barat,11740,OVO,processing,NEWUSER,42940,J&T
ORD002267,CUST0032,"2022-06-22",415557,Denpasar,Bali,26881,GoPay,delivered,HARBOLNAS22,33443,SiCepat
ORD002274,CUST0272,"2023-09-29",269047,Denpasar,Bali,25287,GoPay,returned,HARI BELANJA,28953,SiCepat
ORD002276,CUST0452,"2024-10-28",1170885,Semarang,Jawa Tengah,14951,Transfer Bank,returned,HARBOLNAS22,27115,Anteraja
ORD002278,CUST0333,"2023-04-20",101850,Palembang,Sumatera Selatan,30918,Transfer Bank,delivered,WEEKEND25,47150,JNE
ORD002279,CUST0658,"2024-09-12",31294,Banjarmasin,Kalimantan Selatan,29008,GoPay,delivered,FLASHSALE,17706,Anteraja
ORD002281,CUST0528,"2024-05-24",367581,Bandung,Jawa Barat,11107,OVO,shipped,FLASHSALE,31419,J&T
ORD002282,CUST0255,"2024-07-05",56499,Medan,Sumatera Utara,30916,GoPay,delivered,HARBOLNAS22,22501,JNE
ORD002284,CUST0352,"2025-01-30",68880,Makassar,Sulawesi Selatan,43326,Transfer Bank,delivered,HARBOLNAS22,10120,SiCepat
ORD002285,CUST0079,"2022-12-07",372896,Pontianak,Kalimantan Barat,39403,Transfer Bank,delivered,HARI BELANJA,26104,J&T
ORD002286,CUST0192,"2023-12-21",456106,Bandung,Jawa Barat,11574,GoPay,delivered,HARBOLNAS22,41894,JNE
ORD002289,CUST0503,"2023-05-31",475970,Surabaya,Jawa Timur,15053,OVO,cancelled,FLASHSALE,32030,Anteraja
ORD002290,CUST0094,"2024-10-12",79724,Pekanbaru,Riau,28030,Transfer Bank,delivered,MEMBER10,19276,JNE
ORD002291,CUST0271,"2024-08-30",646458,Balikpapan,Kalimantan Timur,32811,OVO,delivered,MEMBER10,19542,JNE
ORD002292,CUST0034,"2023-06-27",124669,Palembang,Sumatera Selatan,34345,Transfer Bank,returned,HARBOLNAS22,24331,JNE
ORD002293,CUST0062,"2024-05-28",557666,Padang,Sumatera Barat,24256,Transfer Bank,delivered,HARI BELANJA,41334,JNE
ORD002294,CUST0515,"2024-11-01",628747,Tangerang,Banten,11751,OVO,shipped,HARI BELANJA,48253,SiCepat
ORD002297,CUST0454,"2022-02-20",138462,Pekanbaru,Riau,27147,Transfer Bank,cancelled,HARI BELANJA,10538,J&T
ORD002298,CUST0750,"2023-03-31",231680,Bogor,Jawa Barat,14668,OVO,delivered,NEWUSER,17320,SiCepat
ORD002299,CUST0417,"2024-02-14",134548,Pontianak,Kalimantan Barat,38886,GoPay,shipped,FLASHSALE,14452,Anteraja
ORD002304,CUST0210,"2023-07-31",84523,Bandung,Jawa Barat,12535,GoPay,delivered,RAMADAN23,44477,Pos Indonesia
ORD002305,CUST0173,"2024-12-15",258670,Pekanbaru,Riau,26847,Kartu Kredit,delivered,SALE2024,40330,J&T
ORD002308,CUST0453,"2024-05-21",1057149,Malang,Jawa Timur,16763,QRIS,delivered,SALE2024,40851,JNE
ORD002309,CUST0177,"2025-01-04",197602,Bekasi,Jawa Barat,13707,OVO,delivered,SALE2024,31398,J&T
ORD002310,CUST0108,"2023-05-21",1428665,Yogyakarta,DI Yogyakarta,16531,GoPay,cancelled,SALE2024,18335,J&T
ORD002312,CUST0110,"2024-09-15",181452,Bogor,Jawa Barat,13368,GoPay,delivered,RAMADAN23,47548,JNE
ORD002316,CUST0099,"2024-02-23",115824,Padang,Sumatera Barat,29161,Transfer Bank,delivered,WEEKEND25,33176,J&T
ORD002320,CUST0177,"2024-10-05",22948,Banjarmasin,Kalimantan Selatan,31645,GoPay,returned,HARBOLNAS22,36052,JNE
ORD002321,CUST0669,"2023-03-09",988626,Depok,Jawa Barat,13992,GoPay,delivered,HARI BELANJA,48374,JNE
ORD002323,CUST0036,"2023-11-13",194998,Balikpapan,Kalimantan Timur,32438,QRIS,cancelled,MEMBER10,23002,SiCepat
ORD002326,CUST0366,"2024-02-19",963218,Depok,Jawa Barat,12314,GoPay,delivered,SALE2024,32782,JNE
ORD002327,CUST0618,"2024-11-15",1145351,Manado,Sulawesi Utara,41530,Transfer Bank,delivered,HARI BELANJA,31649,Anteraja
ORD002328,CUST0490,"2025-02-03",183878,Pontianak,Kalimantan Barat,34133,OVO,delivered,MEMBER10,13122,SiCepat
ORD002330,CUST0556,"2025-02-19",37968,Depok,Jawa Barat,11751,Transfer Bank,delivered,WEEKEND25,11032,JNE
ORD002332,CUST0461,"2024-08-27",568745,Bekasi,Jawa Barat,13741,Transfer Bank,delivered,WEEKEND25,18255,J&T
ORD002337,CUST0357,"2023-06-02",66833,Bekasi,Jawa Barat,12214,OVO,delivered,WEEKEND25,32167,SiCepat
ORD002340,CUST0465,"2023-12-19",1091214,Surabaya,Jawa Timur,17814,Transfer Bank,delivered,RAMADAN23,34786,J&T
ORD002341,CUST0470,"2024-07-21",219995,Tangerang,Banten,13755,Transfer Bank,returned,WEEKEND25,28005,J&T
ORD002343,CUST0159,"2023-02-28",149240,Jakarta,DKI Jakarta,9760,Transfer Bank,delivered,SALE2024,29760,J&T
ORD002344,CUST0135,"2025-01-26",715592,Makassar,Sulawesi Selatan,39672,Kartu Kredit,delivered,HARI BELANJA,31408,J&T
ORD002345,CUST0104,"2022-03-19",375417,Balikpapan,Kalimantan Timur,33873,OVO,delivered,FLASHSALE,23583,J&T
ORD002348,CUST0421,"2024-03-23",444288,Jakarta,DKI Jakarta,8133,GoPay,delivered,MEMBER10,32712,J&T
ORD002349,CUST0472,"2022-09-14",491003,Manado,Sulawesi Utara,43250,QRIS,processing,NEWUSER,16997,SiCepat
ORD002350,CUST0310,"2023-12-14",518863,Bekasi,Jawa Barat,10640,Transfer Bank,delivered,RAMADAN23,38137,J&T
ORD002355,CUST0120,"2024-03-21",331513,Pontianak,Kalimantan Barat,32042,Kartu Kredit,delivered,NEWUSER,45487,J&T
ORD002357,CUST0596,"2023-05-05",478484,Pontianak,Kalimantan Barat,38814,Kartu Kredit,shipped,FLASHSALE,20516,J&T
ORD002359,CUST0374,"2024-02-28",642146,Pontianak,Kalimantan Barat,40701,GoPay,delivered,WEEKEND25,22854,J&T
ORD002364,CUST0564,"2025-02-16",1664731,Bogor,Jawa Barat,12533,Transfer Bank,processing,MEMBER10,40269,JNE
ORD002366,CUST0101,"2024-05-01",731065,Semarang,Jawa Tengah,13871,Transfer Bank,processing,SALE2024,46935,JNE
ORD002367,CUST0156,"2022-10-05",371176,Bandung,Jawa Barat,11725,OVO,delivered,HARI BELANJA,26824,J&T
ORD002369,CUST0259,"2024-08-12",402425,Banjarmasin,Kalimantan Selatan,40615,Transfer Bank,delivered,NEWUSER,46575,J&T
ORD002370,CUST0558,"2024-12-28",734787,Denpasar,Bali,21084,OVO,delivered,WEEKEND25,13213,SiCepat
ORD002371,CUST0416,"2024-05-22",1056279,Denpasar,Bali,29529,Transfer Bank,delivered,HARI BELANJA,41721,SiCepat
ORD002377,CUST0238,"2024-05-31",106467,Medan,Sumatera Utara,25943,Transfer Bank,delivered,HARBOLNAS22,22533,J&T
ORD002380,CUST0722,"2023-09-12",305803,Jakarta,DKI Jakarta,10967,GoPay,delivered,MEMBER10,42197,JNE
ORD002381,CUST0609,"2022-08-09",808222,Bekasi,Jawa Barat,9858,Kartu Kredit,processing,HARBOLNAS22,18778,J&T
ORD002382,CUST0353,"2024-12-29",173957,Balikpapan,Kalimantan Timur,38677,Transfer Bank,delivered,HARBOLNAS22,25043,Pos Indonesia
ORD002383,CUST0656,"2023-09-25",520936,Surabaya,Jawa Timur,13230,QRIS,cancelled,WEEKEND25,24064,J&T
ORD002384,CUST0475,"2022-01-16",1157398,Palembang,Sumatera Selatan,28985,Kartu Kredit,cancelled,RAMADAN23,40602,SiCepat
ORD002385,CUST0397,"2023-09-20",352188,Balikpapan,Kalimantan Timur,31934,QRIS,delivered,FLASHSALE,46812,J&T
ORD002389,CUST0054,"2023-10-24",311945,Manado,Sulawesi Utara,38775,QRIS,cancelled,FLASHSALE,37055,JNE
ORD002392,CUST0001,"2024-11-21",371604,Semarang,Jawa Tengah,17237,OVO,delivered,MEMBER10,27396,JNE
ORD002395,CUST0233,"2023-11-10",229619,Manado,Sulawesi Utara,42277,Kartu Kredit,shipped,FLASHSALE,19381,SiCepat
ORD002396,CUST0137,"2024-08-21",172654,Surabaya,Jawa Timur,12648,Transfer Bank,delivered,HARI BELANJA,26346,SiCepat
ORD002398,CUST0770,"2023-07-21",101848,Pontianak,Kalimantan Barat,38721,GoPay,shipped,NEWUSER,27152,JNE
ORD002400,CUST0417,"2023-10-02",129398,Balikpapan,Kalimantan Timur,37257,Transfer Bank,delivered,HARBOLNAS22,47602,SiCepat
ORD002401,CUST0210,"2023-08-25",487533,Bandung,Jawa Barat,10018,QRIS,cancelled,WEEKEND25,48467,SiCepat
ORD002402,CUST0283,"2022-06-27",778791,Bogor,Jawa Barat,14439,Transfer Bank,cancelled,WEEKEND25,48209,JNE
ORD002407,CUST0645,"2024-12-28",589022,Manado,Sulawesi Utara,33432,Transfer Bank,delivered,RAMADAN23,38978,SiCepat
ORD002411,CUST0016,"2024-11-06",1027928,Depok,Jawa Barat,10344,Transfer Bank,processing,HARI BELANJA,28072,J&T
ORD002415,CUST0387,"2023-12-21",510204,Depok,Jawa Barat,10745,GoPay,processing,MEMBER10,26796,JNE
ORD002416,CUST0621,"2023-12-29",1207731,Bekasi,Jawa Barat,9221,OVO,processing,MEMBER10,48269,JNE
ORD002417,CUST0285,"2024-08-05",140938,Bekasi,Jawa Barat,12819,Kartu Kredit,shipped,SALE2024,17062,SiCepat
ORD002418,CUST0459,"2024-07-08",287216,Bekasi,Jawa Barat,13807,Transfer Bank,delivered,FLASHSALE,41784,J&T
ORD002421,CUST0624,"2024-08-11",656902,Balikpapan,Kalimantan Timur,33584,OVO,delivered,FLASHSALE,10098,J&T
ORD002422,CUST0734,"2023-09-22",383489,Medan,Sumatera Utara,37407,Transfer Bank,delivered,MEMBER10,14511,JNE
ORD002423,CUST0614,"2023-04-27",1075561,Medan,Sumatera Utara,36055,Transfer Bank,delivered,FLASHSALE,20439,JNE
ORD002428,CUST0579,"2024-04-06",1020481,Palembang,Sumatera Selatan,26538,Kartu Kredit,processing,NEWUSER,24519,Pos Indonesia
ORD002433,CUST0367,"2024-01-30",430713,Tangerang,Banten,13381,Transfer Bank,delivered,RAMADAN23,18287,JNE
ORD002436,CUST0233,"2024-03-04",861336,Manado,Sulawesi Utara,33274,GoPay,delivered,NEWUSER,15664,JNE
ORD002439,CUST0055,"2023-06-08",550452,Bandung,Jawa Barat,12311,Transfer Bank,cancelled,HARI BELANJA,35548,J&T
ORD002442,CUST0671,"2025-01-23",704868,Malang,Jawa Timur,16376,Kartu Kredit,processing,FLASHSALE,22132,SiCepat
ORD002443,CUST0095,"2022-12-21",585016,Yogyakarta,DI Yogyakarta,18585,GoPay,processing,HARI BELANJA,13984,JNE
ORD002444,CUST0721,"2024-09-01",709353,Tangerang,Banten,13192,Transfer Bank,delivered,HARI BELANJA,47647,SiCepat
ORD002446,CUST0335,"2023-05-19",564141,Banjarmasin,Kalimantan Selatan,33370,Transfer Bank,shipped,RAMADAN23,31859,Anteraja
ORD002448,CUST0291,"2023-02-21",94873,Denpasar,Bali,29219,OVO,delivered,SALE2024,34127,J&T
ORD002452,CUST0606,"2023-02-03",10265,Bandung,Jawa Barat,11553,Kartu Kredit,processing,HARI BELANJA,48735,Anteraja
ORD002453,CUST0059,"2024-08-26",562473,Balikpapan,Kalimantan Timur,37795,Transfer Bank,shipped,HARBOLNAS22,15527,Pos Indonesia
ORD002454,CUST0045,"2022-07-21",164013,Bandung,Jawa Barat,13625,GoPay,delivered,WEEKEND25,34987,J&T
ORD002457,CUST0037,"2022-02-25",260403,Balikpapan,Kalimantan Timur,44887,Transfer Bank,delivered,HARI BELANJA,38597,JNE
ORD002458,CUST0631,"2024-08-27",179052,Medan,Sumatera Utara,38742,QRIS,delivered,SALE2024,19948,J&T
ORD002464,CUST0750,"2024-08-09",40663,Bogor,Jawa Barat,11369,Transfer Bank,shipped,MEMBER10,38337,J&T
ORD002467,CUST0329,"2024-05-24",138488,Bekasi,Jawa Barat,12334,GoPay,delivered,SALE2024,40512,Anteraja
ORD002469,CUST0548,"2024-03-16",437171,Pontianak,Kalimantan Barat,40622,Kartu Kredit,returned,HARBOLNAS22,11829,SiCepat
ORD002473,CUST0001,"2022-04-26",183158,Semarang,Jawa Tengah,17233,GoPay,processing,MEMBER10,15842,JNE
ORD002474,CUST0118,"2025-02-24",133260,Bekasi,Jawa Barat,9884,OVO,processing,FLASHSALE,45740,JNE
ORD002477,CUST0231,"2022-01-22",1376190,Makassar,Sulawesi Selatan,36504,OVO,delivered,NEWUSER,20810,SiCepat
ORD002482,CUST0137,"2024-10-16",575272,Yogyakarta,DI Yogyakarta,18338,GoPay,processing,MEMBER10,11728,J&T
ORD002483,CUST0746,"2024-05-05",244637,Pekanbaru,Riau,22154,Transfer Bank,shipped,MEMBER10,34363,SiCepat
ORD002487,CUST0120,"2022-06-04",551110,Pontianak,Kalimantan Barat,38928,Transfer Bank,delivered,HARI BELANJA,45890,J&T
ORD002488,CUST0488,"2022-02-08",1264321,Bogor,Jawa Barat,14985,Transfer Bank,cancelled,SALE2024,31679,SiCepat
ORD002489,CUST0444,"2023-08-07",251996,Malang,Jawa Timur,20439,Transfer Bank,shipped,SALE2024,46004,JNE
ORD002491,CUST0141,"2022-10-15",759948,Tangerang,Banten,9295,Kartu Kredit,delivered,FLASHSALE,47052,J&T
ORD002493,CUST0175,"2023-03-04",230979,Palembang,Sumatera Selatan,28441,OVO,shipped,FLASHSALE,18021,JNE
ORD002495,CUST0449,"2022-11-10",309462,Manado,Sulawesi Utara,43167,GoPay,delivered,FLASHSALE,39538,Anteraja
ORD002496,CUST0756,"2023-05-04",423956,Surabaya,Jawa Timur,14404,Kartu Kredit,processing,SALE2024,34044,SiCepat
ORD002497,CUST0228,"2024-04-23",485478,Malang,Jawa Timur,14325,GoPay,shipped,FLASHSALE,11522,J&T
ORD002498,CUST0468,"2024-07-14",1057091,Surabaya,Jawa Timur,15166,OVO,shipped,NEWUSER,18909,JNE
ORD002500,CUST0291,"2024-04-11",812190,Denpasar,Bali,26353,Transfer Bank,delivered,NEWUSER,44810,JNE
ORD002506,CUST0353,"2023-04-16",174943,Balikpapan,Kalimantan Timur,36060,Transfer Bank,cancelled,WEEKEND25,24057,Anteraja
ORD002507,CUST0611,"2022-03-16",948437,Makassar,Sulawesi Selatan,35402,Transfer Bank,shipped,NEWUSER,28563,J&T
ORD002508,CUST0412,"2022-08-10",101470,Bogor,Jawa Barat,14137,GoPay,delivered,SALE2024,17530,SiCepat
ORD002511,CUST0679,"2023-12-14",782313,Padang,Sumatera Barat,31025,OVO,delivered,MEMBER10,15687,J&T
ORD002515,CUST0224,"2024-05-02",824162,Depok,Jawa Barat,11011,GoPay,processing,HARBOLNAS22,23838,JNE
ORD002519,CUST0800,"2024-04-05",223994,Padang,Sumatera Barat,34987,GoPay,delivered,HARBOLNAS22,25006,J&T
ORD002526,CUST0591,"2025-02-02",286827,Jakarta,DKI Jakarta,11553,Transfer Bank,delivered,NEWUSER,42173,SiCepat
ORD002528,CUST0403,"2023-02-25",809210,Surabaya,Jawa Timur,15842,OVO,cancelled,HARBOLNAS22,16790,SiCepat
ORD002529,CUST0507,"2022-05-18",170053,Padang,Sumatera Barat,25325,OVO,cancelled,SALE2024,27947,Anteraja
ORD002531,CUST0283,"2023-01-14",158691,Bogor,Jawa Barat,14352,QRIS,delivered,HARI BELANJA,40309,J&T
ORD002532,CUST0099,"2024-08-04",437259,Depok,Jawa Barat,13712,OVO,returned,HARI BELANJA,10741,Anteraja
ORD002533,CUST0002,"2022-11-15",1786995,Semarang,Jawa Tengah,15472,Kartu Kredit,shipped,NEWUSER,10005,J&T
ORD002538,CUST0228,"2022-03-12",41514,Tangerang,Banten,9156,Transfer Bank,delivered,HARBOLNAS22,47486,J&T
ORD002539,CUST0288,"2024-06-12",783081,Padang,Sumatera Barat,27807,Transfer Bank,processing,SALE2024,42919,JNE
ORD002541,CUST0613,"2024-07-20",184464,Yogyakarta,DI Yogyakarta,15003,OVO,processing,NEWUSER,44536,SiCepat
ORD002546,CUST0468,"2024-08-26",1706649,Surabaya,Jawa Timur,15385,QRIS,shipped,HARI BELANJA,27351,JNE
ORD002547,CUST0441,"2024-10-29",181310,Manado,Sulawesi Utara,35558,Transfer Bank,delivered,WEEKEND25,17690,J&T
ORD002549,CUST0629,"2024-07-25",710000,Padang,Sumatera Barat,27464,Transfer Bank,delivered,SALE2024,36000,J&T
ORD002551,CUST0009,"2022-10-26",425119,Semarang,Jawa Tengah,16185,GoPay,cancelled,MEMBER10,11881,Anteraja
ORD002552,CUST0318,"2024-08-24",81951,Balikpapan,Kalimantan Timur,41810,OVO,delivered,MEMBER10,47049,JNE
ORD002557,CUST0789,"2025-01-31",1058666,Palembang,Sumatera Selatan,30679,Kartu Kredit,delivered,SALE2024,18334,J&T
ORD002560,CUST0446,"2024-12-03",313816,Padang,Sumatera Barat,31067,Kartu Kredit,delivered,RAMADAN23,14184,Anteraja
ORD002562,CUST0532,"2024-10-29",304898,Manado,Sulawesi Utara,34211,GoPay,returned,FLASHSALE,13102,JNE
ORD002566,CUST0745,"2022-06-13",206077,Manado,Sulawesi Utara,42628,QRIS,delivered,NEWUSER,31923,J&T
ORD002569,CUST0232,"2023-10-27",1027144,Bandung,Jawa Barat,11562,GoPay,delivered,SALE2024,39856,SiCepat
ORD002572,CUST0101,"2025-02-06",251681,Semarang,Jawa Tengah,16374,QRIS,processing,HARI BELANJA,27319,JNE
ORD002573,CUST0649,"2023-06-14",503896,Semarang,Jawa Tengah,16525,GoPay,processing,FLASHSALE,24104,JNE
ORD002574,CUST0558,"2022-08-27",138241,Denpasar,Bali,20870,QRIS,cancelled,HARI BELANJA,39759,JNE
ORD002576,CUST0611,"2024-06-09",128963,Makassar,Sulawesi Selatan,31527,Transfer Bank,cancelled,FLASHSALE,29037,J&T
ORD002577,CUST0322,"2024-04-25",250943,Depok,Jawa Barat,10800,GoPay,processing,NEWUSER,28057,J&T
ORD002579,CUST0562,"2024-07-07",566357,Denpasar,Bali,28806,QRIS,shipped,NEWUSER,32643,SiCepat
ORD002582,CUST0280,"2024-02-07",737073,Depok,Jawa Barat,11573,OVO,shipped,HARI BELANJA,19927,J&T
ORD002583,CUST0589,"2024-02-24",782837,Jakarta,DKI Jakarta,9668,GoPay,delivered,RAMADAN23,43163,J&T
ORD002585,CUST0319,"2024-01-03",556740,Bandung,Jawa Barat,13698,Transfer Bank,processing,NEWUSER,42260,SiCepat
ORD002590,CUST0392,"2024-05-17",113758,Pontianak,Kalimantan Barat,35674,OVO,returned,MEMBER10,35242,SiCepat
ORD002591,CUST0283,"2023-01-08",146131,Bogor,Jawa Barat,10056,GoPay,delivered,HARBOLNAS22,11869,J&T
ORD002592,CUST0182,"2023-07-08",408423,Bekasi,Jawa Barat,10136,Kartu Kredit,delivered,NEWUSER,19577,JNE
ORD002597,CUST0161,"2024-05-29",368075,Bogor,Jawa Barat,10333,Transfer Bank,delivered,HARI BELANJA,49925,SiCepat
ORD002599,CUST0498,"2023-10-09",359272,Depok,Jawa Barat,12755,GoPay,delivered,HARI BELANJA,36728,JNE
ORD002602,CUST0578,"2024-12-21",76398,Depok,Jawa Barat,12481,Kartu Kredit,returned,HARBOLNAS22,22602,J&T
ORD002606,CUST0611,"2024-03-07",1291702,Makassar,Sulawesi Selatan,35817,QRIS,delivered,FLASHSALE,23298,Pos Indonesia
ORD002607,CUST0487,"2022-11-02",130831,Medan,Sumatera Utara,27042,Kartu Kredit,delivered,RAMADAN23,18169,J&T
ORD002609,CUST0697,"2022-04-23",1014670,Bandung,Jawa Barat,14609,OVO,delivered,MEMBER10,32330,Anteraja
ORD002613,CUST0699,"2023-07-04",284941,Medan,Sumatera Utara,35804,Transfer Bank,shipped,FLASHSALE,44059,JNE
ORD002618,CUST0645,"2024-10-25",515052,Manado,Sulawesi Utara,38275,OVO,shipped,FLASHSALE,20948,Pos Indonesia
ORD002619,CUST0760,"2022-06-23",75871,Balikpapan,Kalimantan Timur,37098,Transfer Bank,delivered,MEMBER10,13129,Pos Indonesia
ORD002620,CUST0669,"2024-12-24",392132,Depok,Jawa Barat,13790,Transfer Bank,delivered,RAMADAN23,25868,Pos Indonesia
ORD002621,CUST0691,"2023-11-09",268129,Jakarta,DKI Jakarta,11974,OVO,delivered,WEEKEND25,29871,JNE
ORD002622,CUST0464,"2022-12-09",57286,Banjarmasin,Kalimantan Selatan,39458,OVO,cancelled,MEMBER10,11714,JNE
ORD002623,CUST0550,"2025-02-10",334028,Depok,Jawa Barat,11264,Transfer Bank,shipped,WEEKEND25,42972,Anteraja
ORD002626,CUST0703,"2023-02-03",464630,Semarang,Jawa Tengah,17319,Transfer Bank,delivered,WEEKEND25,13370,JNE
ORD002629,CUST0069,"2023-04-03",795846,Tangerang,Banten,9749,OVO,delivered,NEWUSER,11154,SiCepat
ORD002635,CUST0009,"2024-08-29",952827,Semarang,Jawa Tengah,12876,GoPay,delivered,WEEKEND25,23173,SiCepat
ORD002639,CUST0496,"2022-10-13",561750,Medan,Sumatera Utara,39036,OVO,shipped,RAMADAN23,37250,Anteraja
ORD002642,CUST0195,"2023-06-15",100283,Bekasi,Jawa Barat,9376,QRIS,delivered,NEWUSER,28717,SiCepat
ORD002644,CUST0720,"2024-02-23",232730,Palembang,Sumatera Selatan,31708,OVO,returned,FLASHSALE,46270,JNE
ORD002653,CUST0754,"2023-12-22",40571,Tangerang,Banten,9308,Transfer Bank,delivered,FLASHSALE,18429,JNE
ORD002656,CUST0691,"2024-11-04",322618,Balikpapan,Kalimantan Timur,36023,GoPay,cancelled,FLASHSALE,26382,SiCepat
ORD002660,CUST0013,"2024-12-23",313848,Makassar,Sulawesi Selatan,33810,QRIS,returned,RAMADAN23,15152,J&T
ORD002661,CUST0714,"2023-09-06",853101,Medan,Sumatera Utara,39515,Kartu Kredit,processing,HARI BELANJA,44899,J&T
ORD002663,CUST0430,"2024-12-20",9949,Yogyakarta,DI Yogyakarta,15267,GoPay,delivered,HARBOLNAS22,39051,JNE
ORD002664,CUST0795,"2023-07-03",145972,Jakarta,DKI Jakarta,9585,OVO,delivered,SALE2024,12028,SiCepat
ORD002665,CUST0614,"2024-03-17",464347,Medan,Sumatera Utara,33573,QRIS,cancelled,MEMBER10,13653,J&T
ORD002667,CUST0027,"2024-10-03",399247,Pontianak,Kalimantan Barat,38830,QRIS,delivered,WEEKEND25,37753,Anteraja
ORD002670,CUST0104,"2024-06-13",286824,Jakarta,DKI Jakarta,9874,Transfer Bank,delivered,HARI BELANJA,11176,SiCepat
ORD002671,CUST0108,"2024-11-01",217006,Yogyakarta,DI Yogyakarta,18128,GoPay,delivered,FLASHSALE,18994,SiCepat
ORD002675,CUST0010,"2024-05-01",486223,Manado,Sulawesi Utara,40027,QRIS,cancelled,MEMBER10,12777,J&T
ORD002678,CUST0274,"2024-09-07",867142,Surabaya,Jawa Timur,15346,OVO,cancelled,HARI BELANJA,30858,JNE
ORD002679,CUST0190,"2024-12-30",353620,Surabaya,Jawa Timur,17788,Transfer Bank,shipped,HARI BELANJA,45380,JNE
ORD002680,CUST0558,"2024-11-21",416859,Denpasar,Bali,31307,Transfer Bank,delivered,HARI BELANJA,32141,JNE
ORD002682,CUST0606,"2024-01-04",646562,Bandung,Jawa Barat,14702,Transfer Bank,delivered,SALE2024,11438,J&T
ORD002683,CUST0104,"2023-10-27",826556,Jakarta,DKI Jakarta,10203,Kartu Kredit,delivered,SALE2024,30444,Pos Indonesia
ORD002684,CUST0487,"2024-11-24",26131,Medan,Sumatera Utara,30860,Kartu Kredit,cancelled,HARBOLNAS22,42869,JNE
ORD002689,CUST0605,"2025-02-12",409586,Tangerang,Banten,9448,Kartu Kredit,delivered,FLASHSALE,39414,JNE
ORD002691,CUST0329,"2023-01-04",966774,Bekasi,Jawa Barat,12916,OVO,shipped,NEWUSER,19226,JNE
ORD002694,CUST0293,"2023-06-17",251610,Tangerang,Banten,12596,GoPay,delivered,NEWUSER,27390,JNE
ORD002699,CUST0179,"2025-02-22",21839,Medan,Sumatera Utara,35890,Kartu Kredit,delivered,NEWUSER,27161,J&T
ORD002700,CUST0791,"2023-02-18",106114,Semarang,Jawa Tengah,14604,Kartu Kredit,delivered,SALE2024,42886,JNE
ORD002702,CUST0105,"2023-12-12",169237,Padang,Sumatera Barat,34061,GoPay,delivered,RAMADAN23,18763,Pos Indonesia
ORD002703,CUST0270,"2025-02-11",377573,Semarang,Jawa Tengah,17391,QRIS,shipped,SALE2024,20427,SiCepat
ORD002704,CUST0475,"2024-02-07",644186,Palembang,Sumatera Selatan,30199,Transfer Bank,delivered,FLASHSALE,31814,SiCepat
ORD002705,CUST0369,"2023-08-08",458745,Pekanbaru,Riau,32570,Transfer Bank,delivered,NEWUSER,37255,JNE
ORD002710,CUST0701,"2023-03-22",365637,Manado,Sulawesi Utara,34830,GoPay,delivered,RAMADAN23,32363,SiCepat
ORD002712,CUST0170,"2025-02-01",559760,Bekasi,Jawa Barat,13402,Kartu Kredit,delivered,SALE2024,38240,J&T
ORD002713,CUST0028,"2023-05-25",163913,Banjarmasin,Kalimantan Selatan,40238,Transfer Bank,delivered,NEWUSER,15087,J&T
ORD002716,CUST0559,"2022-05-07",159487,Bogor,Jawa Barat,11115,OVO,cancelled,RAMADAN23,27513,JNE
ORD002717,CUST0114,"2022-06-15",156644,Tangerang,Banten,12379,GoPay,delivered,HARI BELANJA,31356,J&T
ORD002718,CUST0670,"2024-08-03",348623,Bogor,Jawa Barat,10902,GoPay,processing,WEEKEND25,29377,Pos Indonesia
ORD002724,CUST0521,"2023-11-02",81261,Surabaya,Jawa Timur,16403,Kartu Kredit,delivered,NEWUSER,47739,Pos Indonesia
ORD002725,CUST0736,"2023-01-17",1070728,Pekanbaru,Riau,22496,Transfer Bank,delivered,SALE2024,27272,SiCepat
ORD002730,CUST0123,"2023-12-17",986871,Balikpapan,Kalimantan Timur,30284,Transfer Bank,cancelled,RAMADAN23,11129,JNE
ORD002731,CUST0777,"2023-09-26",733298,Medan,Sumatera Utara,27956,Transfer Bank,processing,SALE2024,23702,Anteraja
ORD002732,CUST0738,"2023-06-02",254965,Jakarta,DKI Jakarta,9130,Transfer Bank,delivered,HARBOLNAS22,33035,J&T
ORD002733,CUST0613,"2022-02-17",562129,Yogyakarta,DI Yogyakarta,18276,OVO,delivered,SALE2024,35871,SiCepat
ORD002734,CUST0603,"2024-07-31",314717,Palembang,Sumatera Selatan,23412,QRIS,returned,HARI BELANJA,34283,J&T
ORD002738,CUST0460,"2023-08-22",263822,Jakarta,DKI Jakarta,8193,GoPay,delivered,NEWUSER,15178,JNE
ORD002742,CUST0593,"2024-03-17",24717,Bekasi,Jawa Barat,12342,QRIS,delivered,WEEKEND25,24283,SiCepat
ORD002744,CUST0157,"2023-06-17",471357,Yogyakarta,DI Yogyakarta,13446,Transfer Bank,processing,NEWUSER,26643,J&T
ORD002749,CUST0029,"2024-02-08",133778,Yogyakarta,DI Yogyakarta,19828,Kartu Kredit,shipped,HARBOLNAS22,15222,SiCepat
ORD002751,CUST0273,"2023-11-15",523477,Yogyakarta,DI Yogyakarta,15367,GoPay,delivered,NEWUSER,23523,SiCepat
ORD002753,CUST0618,"2023-11-20",133959,Manado,Sulawesi Utara,40370,Kartu Kredit,delivered,HARI BELANJA,45041,J&T
ORD002763,CUST0773,"2024-05-20",157742,Bogor,Jawa Barat,12590,Kartu Kredit,delivered,WEEKEND25,19258,JNE
ORD002765,CUST0253,"2022-02-12",147137,Depok,Jawa Barat,12472,GoPay,delivered,MEMBER10,31863,Anteraja
ORD002769,CUST0349,"2023-02-14",105411,Bogor,Jawa Barat,12471,OVO,delivered,NEWUSER,43589,SiCepat
ORD002770,CUST0422,"2024-09-13",200920,Makassar,Sulawesi Selatan,30893,GoPay,delivered,RAMADAN23,37080,JNE
ORD002773,CUST0585,"2022-05-07",465146,Bandung,Jawa Barat,14265,Transfer Bank,cancelled,WEEKEND25,33854,J&T
ORD002774,CUST0101,"2024-04-05",1087261,Bandung,Jawa Barat,10402,Transfer Bank,shipped,RAMADAN23,47739,J&T
ORD002776,CUST0370,"2023-02-04",573338,Pontianak,Kalimantan Barat,30766,OVO,returned,SALE2024,25662,SiCepat
ORD002778,CUST0587,"2023-08-20",45317,Medan,Sumatera Utara,32738,Transfer Bank,cancelled,NEWUSER,33683,Anteraja
ORD002782,CUST0005,"2023-07-28",363896,Bekasi,Jawa Barat,12597,Kartu Kredit,delivered,WEEKEND25,23104,SiCepat
ORD002783,CUST0464,"2025-01-13",991084,Banjarmasin,Kalimantan Selatan,29287,Transfer Bank,delivered,MEMBER10,15916,JNE
ORD002784,CUST0454,"2023-04-09",81053,Makassar,Sulawesi Selatan,30057,GoPay,delivered,SALE2024,47947,SiCepat
ORD002786,CUST0271,"2023-12-18",476644,Balikpapan,Kalimantan Timur,42187,GoPay,delivered,WEEKEND25,21356,Anteraja
ORD002792,CUST0585,"2024-09-08",208363,Makassar,Sulawesi Selatan,40032,OVO,shipped,SALE2024,29637,JNE
ORD002793,CUST0051,"2024-11-15",229274,Yogyakarta,DI Yogyakarta,13263,Transfer Bank,delivered,FLASHSALE,19726,J&T
ORD002795,CUST0144,"2024-09-14",1280619,Surabaya,Jawa Timur,12176,QRIS,delivered,HARBOLNAS22,25381,SiCepat
ORD002801,CUST0662,"2025-02-08",281633,Medan,Sumatera Utara,35790,OVO,shipped,RAMADAN23,17367,J&T
ORD002803,CUST0239,"2023-07-14",1240746,Jakarta,DKI Jakarta,8491,Transfer Bank,delivered,WEEKEND25,26254,SiCepat
ORD002808,CUST0295,"2022-12-08",434240,Manado,Sulawesi Utara,39322,GoPay,delivered,RAMADAN23,13760,SiCepat
ORD002813,CUST0087,"2024-12-27",376310,Malang,Jawa Timur,14952,Transfer Bank,delivered,WEEKEND25,40690,J&T
ORD002814,CUST0446,"2024-01-02",302182,Padang,Sumatera Barat,34788,QRIS,processing,FLASHSALE,26818,J&T
ORD002815,CUST0306,"2024-09-10",369657,Tangerang,Banten,12608,OVO,returned,RAMADAN23,27343,J&T
ORD002816,CUST0029,"2024-10-31",202868,Yogyakarta,DI Yogyakarta,15486,QRIS,delivered,FLASHSALE,26132,Anteraja
ORD002818,CUST0366,"2024-05-21",960285,Depok,Jawa Barat,9115,QRIS,delivered,RAMADAN23,16715,SiCepat
ORD002819,CUST0135,"2023-01-26",257885,Makassar,Sulawesi Selatan,39022,Transfer Bank,delivered,SALE2024,40115,JNE
ORD002821,CUST0344,"2024-04-05",1375309,Bekasi,Jawa Barat,12560,Transfer Bank,delivered,NEWUSER,18691,SiCepat
ORD002828,CUST0608,"2025-02-23",534786,Manado,Sulawesi Utara,42313,GoPay,delivered,FLASHSALE,23214,J&T
ORD002832,CUST0629,"2023-01-27",431358,Padang,Sumatera Barat,34084,QRIS,delivered,HARBOLNAS22,17642,SiCepat
ORD002834,CUST0269,"2023-01-27",13067,Tangerang,Banten,9383,GoPay,delivered,NEWUSER,45933,J&T
ORD002835,CUST0612,"2023-08-22",1242345,Pekanbaru,Riau,24219,GoPay,shipped,MEMBER10,44655,J&T
ORD002836,CUST0557,"2024-01-16",69933,Tangerang,Banten,12352,OVO,shipped,FLASHSALE,49067,J&T
ORD002838,CUST0068,"2025-02-02",201239,Makassar,Sulawesi Selatan,34347,OVO,delivered,MEMBER10,27761,SiCepat
ORD002842,CUST0331,"2023-12-30",257291,Makassar,Sulawesi Selatan,44685,GoPay,delivered,WEEKEND25,40709,JNE
ORD002843,CUST0452,"2024-11-07",370093,Semarang,Jawa Tengah,17080,QRIS,delivered,NEWUSER,46907,JNE
ORD002845,CUST0741,"2023-08-08",91625,Pekanbaru,Riau,26970,GoPay,cancelled,RAMADAN23,27375,J&T
ORD002846,CUST0425,"2022-09-11",303879,Manado,Sulawesi Utara,42397,GoPay,delivered,NEWUSER,43121,Anteraja
ORD002847,CUST0127,"2025-02-09",772002,Bogor,Jawa Barat,12874,Transfer Bank,processing,NEWUSER,25998,JNE
ORD002848,CUST0558,"2023-06-10",317244,Denpasar,Bali,20054,Transfer Bank,shipped,FLASHSALE,49756,JNE
ORD002853,CUST0204,"2023-05-13",1299937,Manado,Sulawesi Utara,35647,GoPay,delivered,RAMADAN23,27063,SiCepat
ORD002856,CUST0289,"2024-10-07",285684,Manado,Sulawesi Utara,34454,Kartu Kredit,processing,WEEKEND25,32316,SiCepat
ORD002859,CUST0055,"2023-10-10",334720,Jakarta,DKI Jakarta,11631,QRIS,delivered,MEMBER10,43280,Pos Indonesia
ORD002861,CUST0316,"2022-05-16",546032,Denpasar,Bali,20103,OVO,cancelled,WEEKEND25,49968,Anteraja
ORD002862,CUST0603,"2024-03-19",431538,Padang,Sumatera Barat,34580,Transfer Bank,shipped,HARI BELANJA,36462,J&T
ORD002864,CUST0191,"2024-09-10",323420,Denpasar,Bali,26226,GoPay,processing,WEEKEND25,34580,JNE
ORD002867,CUST0254,"2023-12-07",620315,Balikpapan,Kalimantan Timur,31438,Transfer Bank,cancelled,RAMADAN23,27685,JNE
ORD002868,CUST0079,"2022-02-24",401733,Pontianak,Kalimantan Barat,41215,Transfer Bank,delivered,HARI BELANJA,47267,J&T
ORD002873,CUST0536,"2024-01-17",353025,Palembang,Sumatera Selatan,25409,Kartu Kredit,delivered,HARBOLNAS22,45975,SiCepat
ORD002875,CUST0158,"2023-04-14",238714,Bandung,Jawa Barat,13100,OVO,cancelled,HARI BELANJA,49286,Anteraja
ORD002876,CUST0057,"2023-08-11",723255,Semarang,Jawa Tengah,13920,Kartu Kredit,shipped,SALE2024,10745,JNE
ORD002877,CUST0700,"2022-11-21",188220,Banjarmasin,Kalimantan Selatan,35742,GoPay,delivered,SALE2024,19780,J&T
ORD002879,CUST0179,"2024-03-08",601484,Medan,Sumatera Utara,27353,Transfer Bank,delivered,MEMBER10,45516,JNE
ORD002882,CUST0326,"2024-11-28",101690,Balikpapan,Kalimantan Timur,42765,Transfer Bank,shipped,HARBOLNAS22,27310,SiCepat
ORD002884,CUST0374,"2024-09-07",218871,Pontianak,Kalimantan Barat,35175,Kartu Kredit,processing,NEWUSER,10129,JNE
ORD002885,CUST0655,"2025-02-08",262171,Depok,Jawa Barat,12956,Kartu Kredit,returned,NEWUSER,24829,J&T
ORD002886,CUST0239,"2023-04-17",553109,Jakarta,DKI Jakarta,11136,QRIS,returned,HARI BELANJA,34891,JNE
ORD002891,CUST0757,"2024-01-08",1772297,Pontianak,Kalimantan Barat,30714,QRIS,returned,NEWUSER,24703,J&T
ORD002896,CUST0425,"2025-01-25",451197,Manado,Sulawesi Utara,33041,Kartu Kredit,delivered,WEEKEND25,26803,Anteraja
ORD002899,CUST0497,"2024-06-06",363558,Makassar,Sulawesi Selatan,35633,Kartu Kredit,delivered,MEMBER10,14442,SiCepat
ORD002904,CUST0066,"2022-01-01",574673,Malang,Jawa Timur,20960,OVO,delivered,WEEKEND25,23327,Pos Indonesia
ORD002905,CUST0489,"2024-02-19",228923,Depok,Jawa Barat,9390,Transfer Bank,delivered,MEMBER10,29077,J&T
ORD002912,CUST0060,"2022-04-06",319752,Pekanbaru,Riau,23139,GoPay,delivered,WEEKEND25,38248,SiCepat
ORD002915,CUST0070,"2024-01-17",781639,Balikpapan,Kalimantan Timur,34453,QRIS,shipped,WEEKEND25,45361,J&T
ORD002916,CUST0297,"2024-06-21",149130,Manado,Sulawesi Utara,35507,OVO,delivered,HARI BELANJA,49870,Anteraja
ORD002917,CUST0633,"2023-03-28",28744,Bekasi,Jawa Barat,12871,Kartu Kredit,shipped,RAMADAN23,20256,J&T
ORD002918,CUST0784,"2023-08-06",73227,Tangerang,Banten,11338,OVO,delivered,FLASHSALE,45773,J&T
ORD002919,CUST0136,"2023-07-16",320320,Makassar,Sulawesi Selatan,33894,OVO,delivered,RAMADAN23,36680,J&T
ORD002920,CUST0207,"2024-07-14",75263,Surabaya,Jawa Timur,15955,OVO,delivered,RAMADAN23,42737,SiCepat
ORD002923,CUST0035,"2024-03-27",53590,Bogor,Jawa Barat,12920,QRIS,delivered,NEWUSER,45410,J&T
ORD002924,CUST0753,"2022-09-09",199270,Surabaya,Jawa Timur,12272,GoPay,shipped,FLASHSALE,49730,SiCepat
ORD002925,CUST0197,"2022-03-14",881186,Bandung,Jawa Barat,10273,GoPay,processing,WEEKEND25,16814,J&T
ORD002929,CUST0407,"2022-11-26",586434,Pontianak,Kalimantan Barat,33558,OVO,delivered,SALE2024,40566,JNE
ORD002936,CUST0722,"2024-02-13",102425,Makassar,Sulawesi Selatan,38096,OVO,processing,HARBOLNAS22,15575,J&T
ORD002937,CUST0158,"2022-10-04",1130361,Bandung,Jawa Barat,11649,GoPay,delivered,RAMADAN23,34639,Pos Indonesia
ORD002939,CUST0301,"2023-01-18",973570,Tangerang,Banten,13580,QRIS,delivered,SALE2024,23430,JNE
ORD002943,CUST0672,"2024-01-03",351206,Malang,Jawa Timur,19387,OVO,processing,FLASHSALE,47794,SiCepat
ORD002944,CUST0375,"2023-01-03",1619975,Medan,Sumatera Utara,31351,GoPay,delivered,RAMADAN23,27025,J&T
ORD002948,CUST0188,"2023-01-31",697642,Padang,Sumatera Barat,29279,Kartu Kredit,delivered,NEWUSER,49358,JNE
ORD002949,CUST0750,"2022-04-23",297084,Bogor,Jawa Barat,14697,Kartu Kredit,delivered,NEWUSER,31916,JNE
ORD002950,CUST0777,"2024-12-07",487728,Manado,Sulawesi Utara,42926,Kartu Kredit,cancelled,HARBOLNAS22,39272,JNE
ORD002953,CUST0141,"2024-04-28",59658,Malang,Jawa Timur,16130,Kartu Kredit,delivered,FLASHSALE,29342,J&T
ORD002954,CUST0088,"2024-12-06",136651,Jakarta,DKI Jakarta,10395,GoPay,processing,NEWUSER,12349,SiCepat
ORD002957,CUST0536,"2023-06-12",679449,Medan,Sumatera Utara,38786,Kartu Kredit,delivered,FLASHSALE,18551,Pos Indonesia
ORD002960,CUST0124,"2023-01-10",424887,Manado,Sulawesi Utara,40476,GoPay,returned,HARI BELANJA,23113,J&T
ORD002961,CUST0647,"2023-08-15",295657,Bogor,Jawa Barat,11783,Transfer Bank,processing,WEEKEND25,33343,Pos Indonesia
ORD002964,CUST0479,"2023-10-01",249404,Padang,Sumatera Barat,24386,GoPay,delivered,HARI BELANJA,29596,Anteraja
ORD002967,CUST0191,"2022-01-12",82428,Denpasar,Bali,21133,Kartu Kredit,delivered,SALE2024,36572,SiCepat
ORD002969,CUST0033,"2025-02-26",249385,Balikpapan,Kalimantan Timur,35572,QRIS,delivered,NEWUSER,29615,SiCepat
ORD002972,CUST0215,"2023-11-11",88767,Banjarmasin,Kalimantan Selatan,32836,GoPay,delivered,HARI BELANJA,10233,J&T
ORD002974,CUST0261,"2024-08-04",219629,Banjarmasin,Kalimantan Selatan,41698,OVO,shipped,RAMADAN23,29371,SiCepat
ORD002975,CUST0342,"2025-01-25",1045422,Pontianak,Kalimantan Barat,37057,OVO,processing,MEMBER10,31578,SiCepat
ORD002976,CUST0549,"2023-03-05",816593,Bekasi,Jawa Barat,12960,QRIS,shipped,SALE2024,39407,JNE
ORD002977,CUST0605,"2023-12-24",731518,Denpasar,Bali,24440,GoPay,cancelled,HARBOLNAS22,46482,SiCepat
ORD002982,CUST0642,"2024-12-30",361560,Palembang,Sumatera Selatan,34024,GoPay,shipped,MEMBER10,34440,JNE
ORD002986,CUST0160,"2024-02-17",508468,Pontianak,Kalimantan Barat,36607,OVO,delivered,HARBOLNAS22,49532,Pos Indonesia
ORD002987,CUST0084,"2022-05-24",104370,Jakarta,DKI Jakarta,10091,Transfer Bank,shipped,RAMADAN23,14630,J&T
ORD002989,CUST0701,"2024-11-24",461919,Pontianak,Kalimantan Barat,37783,Kartu Kredit,delivered,FLASHSALE,37081,SiCepat
ORD002992,CUST0224,"2023-05-09",449240,Depok,Jawa Barat,12128,GoPay,delivered,RAMADAN23,28760,J&T
ORD002993,CUST0659,"2024-08-31",837661,Palembang,Sumatera Selatan,27551,OVO,shipped,WEEKEND25,39339,SiCepat
ORD002997,CUST0327,"2024-02-28",378002,Denpasar,Bali,27881,Transfer Bank,delivered,RAMADAN23,20998,J&T
ORD002998,CUST0171,"2024-06-28",520907,Banjarmasin,Kalimantan Selatan,37268,OVO,cancelled,HARI BELANJA,28093,SiCepat
ORD003000,CUST0556,"2024-05-22",38484,Depok,Jawa Barat,13709,OVO,returned,RAMADAN23,10516,J&T
